"編號","基準地編號","土地標示","地價(元/m²)","面積(m²)","形狀及寬深比(m)","使用分區或編定用地","建蔽率(%)","容積率(%)","地上建物門牌","地上建物型態及建物名稱","較去年漲跌(%)","geometry"
"1","D01BA0002","臺南市東區竹篙厝段855-5地號","130000","82","長方形4.5:18.2","「住五」住宅區","60","210","臺南市東區崇學路273號","透天翰盈牙醫診所","1.66","{""spatialReference"":{""wkid"":4326},""rings"":[[[120.22577899756344,22.982671809386357],[120.22564244841796,22.982781912741963],[120.22566720001569,22.982812154747293],[120.22580600944445,22.982700939058528],[120.22577899756344,22.982671809386357]]]}"
"2","D01BA0007","臺南市東區新東段467-1地號","55100","87","長方形4.5:19.3","「住五」住宅區","60","210","臺南市東區裕豐街202號","透天建發文具店","2.82","{""spatialReference"":{""wkid"":4326},""rings"":[[[120.2274820043871,22.987709987636592],[120.22728438259719,22.987746305110466],[120.22729177670008,22.9877867602372],[120.22747351043115,22.98775263367507],[120.2274820043871,22.987709987636592]]]}"
"3","D01BA0008","臺南市東區裕東段655-4地號","67500","105.88","長方形5.0:21.2","「虎住三」住宅區","50","160","臺南市東區裕平路52號","透天住家用","2.76","{""spatialReference"":{""wkid"":4326},""rings"":[[[120.23994975818098,22.98475022710495],[120.23993903936291,22.984750229875882],[120.23989953871977,22.984750239078558],[120.23989957272373,22.984935900112937],[120.23994980200658,22.98493588818794],[120.23994975818098,22.98475022710495]]]}"
"4","D01BA0009","臺南市東區光明段934-20地號","106000","82","長方形4.2:19.5","「住五」住宅區","60","210","臺南市東區東安路83號","透天午餐女王","2.95","{""spatialReference"":{""wkid"":4326},""rings"":[[[120.22635146772156,22.99273067726319],[120.22617581688111,22.992764022067234],[120.22618431241212,22.992802022781156],[120.22636018670595,22.992769183846555],[120.22635146772156,22.99273067726319]]]}"
"5","D01BA0012","臺南市東區竹篙厝段3932-4地號","95300","83","長方形4.2:19.8","「住五」住宅區","60","210","臺南市東區崇德路518號","透天黃修傑中醫診所","2.94","{""spatialReference"":{""wkid"":4326},""rings"":[[[120.22740740612508,22.973301561904865],[120.22721984215765,22.973301758413474],[120.22721958975035,22.973340492192477],[120.22740725418738,22.973339615298475],[120.22740740612508,22.973301561904865]]]}"
"6","D01BA0013","臺南市東區竹篙厝段1578-1地號","109000","88","長方形4.3:20.4","「住五」住宅區","60","210","臺南市東區崇善路128號","透天李學院補習班","0.84","{""spatialReference"":{""wkid"":4326},""rings"":[[[120.22239171838707,22.98090919294543],[120.22235770332948,22.980932667955035],[120.22247553724527,22.98107923784476],[120.22250950389851,22.981055702974007],[120.22239171838707,22.98090919294543]]]}"
"7","D01BA0014","臺南市東區裕東段135-28地號","85300","92.4","長方形4.2:22.0","「虎住二」住宅區","50","160","臺南市東區裕農路868之5號","透天宏昌旗魚?","2.92","{""spatialReference"":{""wkid"":4326},""rings"":[[[120.24204336608094,22.989247775835512],[120.24199978418137,22.989442294492697],[120.24203989663962,22.9894499995105],[120.24208347848493,22.98925548084099],[120.24206140058934,22.989251239400254],[120.24204336608094,22.989247775835512]]]}"
"8","D01BA0015","臺南市東區東光段364-3地號","96800","76","長方形4.2:18.0","「住五」住宅區","60","210","臺南市東區東光段二段19號","透天住家用","2.56","{""spatialReference"":{""wkid"":4326},""rings"":[[[120.23135476543645,22.99577467018028],[120.23121549843594,22.995785904252866],[120.23118641252034,22.995788219298827],[120.23118986422662,22.995826846361496],[120.23135890305787,22.9958124074845],[120.23135476543645,22.99577467018028]]]}"
"9","D01BA0016","臺南市東區竹篙厝段3120-10地號","108000","90","長方形4.3:21.0","「住五」住宅區","60","210","臺南市東區崇善路438號","透天陳勃旭耳鼻喉科"," ","{""spatialReference"":{""wkid"":4326},""rings"":[[[120.22906619895572,22.973701369919226],[120.22905379087192,22.973737661527785],[120.22924964937575,22.973793627656235],[120.2292618160798,22.97375707117629],[120.22906619895572,22.973701369919226]]]}"
"10","D01BA0017","臺南市東區裕東段381-7地號","69900","108","長方形4.5:24.0","「虎住二」住宅區","50","160","臺南市東區裕信路165號","透天斐?斯美髮店","2.67","{""spatialReference"":{""wkid"":4326},""rings"":[[[120.24541253692674,22.985404691518802],[120.24517846076212,22.985405074819873],[120.24517853829505,22.98544570930595],[120.24541261550003,22.98544532691427],[120.24541253692674,22.985404691518802]]]}"
"11","D01BA0018","臺南市東區仁和段381-15地號","74400","78","長方形4.0:19.5","「住五」住宅區","60","210","臺南市東區仁和路87之2號","透天吳家紅茶冰","1.65","{""spatialReference"":{""wkid"":4326},""rings"":[[[120.23214110317095,22.97297134647577],[120.2321227667714,22.97300327965238],[120.23229105763257,22.973079779530508],[120.23230819359514,22.973046963688486],[120.23214110317095,22.97297134647577]]]}"
"12","D01BA0019","臺南市東區精忠段1038-2地號","185000","84","長方形4.4:19.1","「住五」住宅區","60","210","臺南市東區裕農路615號","透天阿吉鱔魚專家","1.66"," "
"13","D01BA0020","臺南市東區光明段597-90地號","173000","80","長方形4.5:17.8","「住五」住宅區","60","210","臺南市東區怡東路159號","透天百瀚外語補習班","2.33","{""spatialReference"":{""wkid"":4326},""rings"":[[[120.22828590501221,22.994256880969846],[120.22811772293045,22.99427979198261],[120.22812411833254,22.99431963896976],[120.22829502135079,22.994296635553034],[120.22828590501221,22.994256880969846]]]}"
"14","D01BB0001","臺南市東區竹篙厝段1405地號","148000","147","長方形5.3:28.0","「商一-1(附)」商業區","60","210","臺南市東區中華東路三段92號","透天信義房屋","0.82","{""spatialReference"":{""wkid"":4326},""rings"":[[[120.22763238117815,22.979306132204755],[120.22742134738183,22.97946570553431],[120.22744829712366,22.979496456450125],[120.2274539035372,22.979502718217336],[120.2276650482883,22.979343188731164],[120.22763238117815,22.979306132204755]]]}"
"15","D01BB0003","臺南市東區新東段1088-30地號","170000","83","長方形4.0:20.6","「商一-1(附)」商業區","60","210","臺南市東區東寧路256號","透天得恩堂眼鏡行","0","{""spatialReference"":{""wkid"":4326},""rings"":[[[120.22559180880656,22.99051489665091],[120.22555612543105,22.99052648222499],[120.22562185891898,22.99070062888146],[120.22565758667514,22.990689477861803],[120.22559180880656,22.99051489665091]]]}"
"16","D01BB0004","臺南市東區育樂段98地號","195000","79","長方形5.0:15.8","「商一-1(附)」商業區","60","210","臺南市東區大學路西段25號","透天皇平麵店","1.42","{""spatialReference"":{""wkid"":4326},""rings"":[[[120.21749022780398,22.996153682147852],[120.2174450961686,22.99616024806532],[120.21744393153787,22.99616041749681],[120.2174581158442,22.996303412299145],[120.21750600779352,22.996295852249574],[120.21749022780398,22.996153682147852]]]}"
"17","D01BB0005","臺南市東區育樂段1583地號","229000","64","長方形4.5:14.2","「商四」商業區","80","320","臺南市東區北門路一段96號","透天電腦伊甸園","2.02","{""spatialReference"":{""wkid"":4326},""rings"":[[[120.21184425136572,22.991768687222496],[120.21170480071993,22.991776613604028],[120.21170728526859,22.991816890494228],[120.21184953930613,22.991808772170323],[120.21184425136572,22.991768687222496]]]}"
"18","D01BB0010","臺南市東區竹篙厝段1935-25地號","133000","93","長方形4.5:20.7","「商一-1(附)」商業區","60","210","臺南市東區崇明路259號","透天文雄眼鏡行","0.46","{""spatialReference"":{""wkid"":4326},""rings"":[[[120.22104320605438,22.976696520376446],[120.22101594822283,22.976726673643988],[120.22116951372095,22.976848063319093],[120.2212009364272,22.976820033617226],[120.22104320605438,22.976696520376446]]]}"
"19","D01BB0011","臺南市東區東安段978-3地號","114000","129","長方形4.7:27.4","「商四」商業區","80","320","臺南市東區東門路二段33號","透天住商不動產","2.45","{""spatialReference"":{""wkid"":4326},""rings"":[[[120.21966364936183,22.986482675250627],[120.2196195910277,22.986496363830042],[120.2197446390464,22.98672971680168],[120.21978164931204,22.98671337564076],[120.21966364936183,22.986482675250627]]]}"
"20","D01BB0012","臺南市東區東寧段602-5地號","188000","87","長方形4.9:18.3","商四(1)中心商業區","80","320","臺南市東區長榮路二段160號","透天長興牙醫"," ","{""spatialReference"":{""wkid"":4326},""rings"":[[[120.22022259231754,22.989455611635883],[120.2200813440048,22.98955233833622],[120.22010555594275,22.989582447591282],[120.220109099291,22.98958246774158],[120.22011075109609,22.989584413745234],[120.22011295962056,22.989582489452076],[120.22011650979607,22.98958250963585],[120.22025165937484,22.98949000429196],[120.22022759766244,22.98946158714753],[120.22022259231754,22.989455611635883]]]}"
"21","D02BA0001","臺南市南區鹽埕段2164-2地號","86200","112","長方形5.0:22.4","「住二」住宅區","60","150","臺南市南區夏林路76號","透天RECORDS路口牛肉麵店","1.42","{""spatialReference"":{""wkid"":4326},""rings"":[[[120.1945986754035,22.982913826911645],[120.19459679322945,22.98295821850464],[120.19481435752682,22.98296421838227],[120.19481606504411,22.982919663355297],[120.1945986754035,22.982913826911645]]]}"
"22","D02BA0002","臺南市南區新興段209-35地號","111000","109","長方形4.8:22.9","「住五-1」住宅區","60","200","臺南市南區金華路二段205號","透天皇家御櫃","0.55","{""spatialReference"":{""wkid"":4326},""rings"":[[[120.19145884781888,22.98230804233231],[120.1912301892554,22.98232278667097],[120.19123080545609,22.982330682146888],[120.19123346125075,22.982364585767964],[120.19146211072298,22.982349742048513],[120.19145884781888,22.98230804233231]]]}"
"23","D02BA0003","臺南市南區公英段103地號","100000","88","長方形5.0:17.6","「住六」住宅區","60","220","臺南市南區大同路二段344號","透天巧味鹽酥雞大王","0.3","{""spatialReference"":{""wkid"":4326},""rings"":[[[120.21375261903813,22.975836780549542],[120.21374010145337,22.975877269338348],[120.21375548616055,22.97588096855205],[120.21383875120704,22.975903444039616],[120.21392216937141,22.975925418165843],[120.21393138907148,22.975884003669695],[120.21375261903813,22.975836780549542]]]}"
"24","D02BA0006","臺南市南區中和段1410地號、中和段1410-1地號","39000","73","長方形4.9:14.9","「住三」住宅區","60","165","臺南市南區灣裡路346號","透天波波洗衣店","4.03","{""spatialReference"":{""wkid"":4326},""rings"":[[[120.18210401654947,22.925476086101124],[120.1820956198876,22.92551066454594],[120.18225536702755,22.925547716400605],[120.1822805398507,22.925510163113024],[120.18220661473143,22.925498675272305],[120.18210401654947,22.925476086101124]]]}"
"25","D02BA0008","臺南市南區鹽埕段112地號","114000","96","長方形5.0:19.2","「住六」住宅區","60","220","臺南市南區健康路二段49號","透天住家用","2.17"," "
"26","D02BA0009","臺南市南區大忠段387地號","50200","83.09","長方形4.3:19.3","「住四」住宅區","60","180","臺南市南區國民路132號","透天慶仁中醫診所","0","{""spatialReference"":{""wkid"":4326},""rings"":[[[120.21264708107942,22.967484341104345],[120.2126447233025,22.967655722150532],[120.21266899714468,22.967657197211683],[120.21268682912563,22.967659633602075],[120.21268959783288,22.96748464252381],[120.21264708107942,22.967484341104345]]]}"
"27","D02BA0010","臺南市南區桶盤淺段375-2地號","41100","84","長方形4.3:19.6","「住二」住宅區","60","150","臺南市南區永成路三段115號","透天住家用","1.49","{""spatialReference"":{""wkid"":4326},""rings"":[[[120.19534432193625,22.96541264393048],[120.19524864406824,22.96541220173507],[120.19515190030543,22.965412752806653],[120.1951516650804,22.96545133835643],[120.19524822356334,22.965450626511625],[120.19534386295716,22.965451477578593],[120.19534432193625,22.96541264393048]]]}"
"28","D02BA0011","臺南市南區鹽埕段289-56地號","71400","100","長方形4.3:23.3","「住五-1」住宅區","60","200","臺南市南區新興路388號","透天夾寶夾物店","0","{""spatialReference"":{""wkid"":4326},""rings"":[[[120.1889281805475,22.975280617128913],[120.18892545415945,22.9752985252812],[120.18891636715783,22.975358275414134],[120.18891657488223,22.975360236918544],[120.18891663115323,22.975360776305326],[120.1889279674944,22.97536011189896],[120.1889281805475,22.975280617128913]],[[120.18898480929161,22.975208863571787],[120.18894326980337,22.975209163952016],[120.18893276808534,22.97527767962131],[120.18893237149805,22.97535900386006],[120.18896259954266,22.975356674332566],[120.18898480929161,22.975208863571787]],[[120.18894943569616,22.975155007485096],[120.1889418678042,22.975207788713732],[120.1889844031119,22.975207799550184],[120.1889919387915,22.975159923321936],[120.18894943569616,22.975155007485096]]]}"
"29","D02BA0012","臺南市南區鹽埕段230-339地號","65900","89","長方形4.2:21.2","「住四」住宅區","60","180","臺南市南區大成路二段68號","透天住家用","1.87","{""spatialReference"":{""wkid"":4326},""rings"":[[[120.19575927814401,22.975033107214312],[120.19575591263545,22.975222949786307],[120.19575987487828,22.975222981627947],[120.1957966106765,22.97522328268528],[120.19579979116571,22.975033548437207],[120.19575927814401,22.975033107214312]]]}"
"30","D02BA0013","臺南市南區新興段247-48地號","79900","84","長方形4.4:19.1","「住五-1」住宅區","60","200","臺南市南區建南路209號","透天正發汽車修配廠"," ","{""spatialReference"":{""wkid"":4326},""rings"":[[[120.18843951711433,22.98485566493997],[120.18840665319757,22.98485822372556],[120.18839674919158,22.98485898571223],[120.18841222998833,22.98502996904939],[120.18845499796483,22.985026648274577],[120.18843951711433,22.98485566493997]]]}"
"31","D02BB0004","臺南市南區鹽埕段3-614地號","216000","75","長方形4.5:16.6","「商一」商業區","80","320","臺南市南區西門路一段695號","透天4.EVER髮廊","1.57","{""spatialReference"":{""wkid"":4326},""rings"":[[[120.19743194811171,22.98716659966233],[120.1972784782249,22.987166625947907],[120.1972771334421,22.987214286489287],[120.19743125357857,22.987206561700628],[120.19743194811171,22.98716659966233]]]}"
"32","D02BB0005","臺南市南區鹽埕段3-346地號","157000","102","長方形4.5:22.7","「商一」商業區","80","320","臺南市南區西門路一段591號","透天大立眼鏡行","0.19","{""spatialReference"":{""wkid"":4326},""rings"":[[[120.19725482369199,22.984627310460684],[120.19725487751373,22.98466953202823],[120.19729402027839,22.984670286564025],[120.19730450177263,22.98467048955713],[120.19746977646227,22.98467269832386],[120.19747043217392,22.98463104473152],[120.19725482369199,22.984627310460684]]]}"
"33","D02BD0007","臺南市南區鹽埕段3001地號","27500","5004","長方形50.0:100.0","乙種工業區","70","210","臺南市南區中華西路一段47號","透天通吉企業公司","2.13","{""spatialReference"":{""wkid"":4326},""rings"":[[[120.18267846985188,22.968819777994362],[120.18267693778655,22.96900242793211],[120.1826753918,22.969186093683323],[120.18267466724663,22.969272058578028],[120.183650772626,22.96927701246335],[120.18365384064698,22.96882553348506],[120.18352816123324,22.968825138282348],[120.18333506619157,22.96882345752119],[120.18267846985188,22.968819777994362]]]}"
"34","D04BA0002","臺南市北區東豐段346-5地號","80800","97","長方形4.5:21.4","「住七」住宅區","60","270","臺南市北區勝利路266號","透天老友小吃店","3.09","{""spatialReference"":{""wkid"":4326},""rings"":[[[120.21891546876255,23.005595526943463],[120.21890839453415,23.005635205718875],[120.21910734543188,23.005681502887917],[120.21911776204328,23.00564224964998],[120.21891546876255,23.005595526943463]]]}"
"35","D04BA0004","臺南市北區小北段407地號","97100","97.1","長方形4.5:21.7","「住四」住宅區","60","180","臺南市北區西門路四段27號","透天永昌香料行","1.26","{""spatialReference"":{""wkid"":4326},""rings"":[[[120.20620713854663,23.006916416264474],[120.20601919660422,23.007003890654495],[120.2060286538488,23.007021898084783],[120.20603862358384,23.00703967691301],[120.20604452285234,23.007037581704036],[120.20612410509061,23.007000930113353],[120.20618925101448,23.0069709796075],[120.20618926053524,23.00696868510099],[120.20622511881406,23.006951889127908],[120.20620713854663,23.006916416264474]]]}"
"36","D04BA0006","臺南市北區仁愛段42-150地號","97400","88","長方形4.3:20.5","「住三」住宅區","60","165","臺南市北區東豐路361號","透天住家用","0.94","{""spatialReference"":{""wkid"":4326},""rings"":[[[120.22513646867542,23.002598596442628],[120.22509330015305,23.002605434168096],[120.22512492020694,23.002778189479628],[120.2251438013746,23.00277573625844],[120.22516968557892,23.00277169638426],[120.22513646867542,23.002598596442628]]]}"
"37","D04BA0007","臺南市北區大興段235-1地號、大興段236-1地號","76500","73.19","長方形4.0:18.3","「住四」住宅區","60","180","臺南市北區文賢路875號","透天喬瓦尼服飾店","2.43","{""spatialReference"":{""wkid"":4326},""rings"":[[[120.19297228300466,23.017722767356005],[120.1929632040051,23.01775908433901],[120.19311719921275,23.017784617263803],[120.19312306161878,23.0177476707317],[120.19297228300466,23.017722767356005]]]}"
"38","D04BA0010","臺南市北區光賢段534-3地號","58700","107.49","長方形4.3:24.9","「住四」住宅區","60","180","臺南市北區賢北街8號","透天住家用","4.86","{""spatialReference"":{""wkid"":4326},""rings"":[[[120.18403956776305,23.00635270908612],[120.18402438581862,23.006389004054732],[120.18425021776748,23.00646997552228],[120.18426742428846,23.006434404337664],[120.18403956776305,23.00635270908612]]]}"
"39","D04BA0011","臺南市北區延平段1102-1地號","93200","91","長方形4.8:19.0","「住四」住宅區","60","180","臺南市北區公園路764號","透天住家用","2.33","{""spatialReference"":{""wkid"":4326},""rings"":[[[120.21120298222823,23.01088936235824],[120.21102667559731,23.01094311344692],[120.21104076719922,23.01098464548948],[120.21119381544896,23.010937841877272],[120.21121668879657,23.010930852735708],[120.21120298222823,23.01088936235824]]]}"
"40","D04BA0013","臺南市北區北元段159地號","118000","171.98","長方形5.8:29.7","「住四」住宅區","60","180","臺南市北區海安路三段933號","透天住家用"," ","{""spatialReference"":{""wkid"":4326},""rings"":[[[120.19960506134221,23.018013188520296],[120.19959596406834,23.018058848372746],[120.19959508140028,23.018063275882707],[120.19988747602183,23.01811603607049],[120.19989126017602,23.018095370849533],[120.19989312595604,23.018085030881974],[120.19989654468588,23.018065784248538],[120.19960506134221,23.018013188520296]]]}"
"41","D04BB0003","臺南市北區自強段258地號","127000","89","長方形4.6:19.4","「商四(1)商業區」","80","320","臺南市北區成功路72、76號","透天心心藥局","-0.24"," "
"42","D04BB0005","臺南市北區北安段563地號","74100","82.63","長方形4.6:18.0","「商五(19)」商業區","60","360","臺南市北區北安路一段97號","透天弘昌鈑金材料行","2.08","{""spatialReference"":{""wkid"":4326},""rings"":[[[120.21003555991979,23.01634567897925],[120.2099989558039,23.0163709178974],[120.2101030430264,23.016499666801447],[120.21013953661542,23.016474480586194],[120.21003555991979,23.01634567897925]]]}"
"43","D04BB0008","臺南市北區開元段975地號","102000","136","長方形4.5:30.2","「商四(1)」商業區","80","320","臺南市北區開元路341號","透天佑昇照相館","4.97","{""spatialReference"":{""wkid"":4326},""rings"":[[[120.22211181840923,23.00852763218106],[120.22195505708034,23.008757612879744],[120.22199193685779,23.00877899777678],[120.22207923552016,23.00865192737212],[120.22214920259772,23.008549166710598],[120.22211181840923,23.00852763218106]]]}"
"44","D04BB0012","臺南市北區北元段980-65地號","151000","91.29","長方形4.5:20.3","商業區商32(附)","60","250","臺南市北區和緯路二段492號","透天LG科昌電器"," ","{""spatialReference"":{""wkid"":4326},""rings"":[[[120.20157331974548,23.01217363425697],[120.20150144493694,23.012343994122773],[120.20154233543408,23.012358775851354],[120.20161446545728,23.012187808623892],[120.20159302009336,23.012180457426062],[120.20157331974548,23.01217363425697]]]}"
"45","D06BA0001","臺南市安南區新順段1000地號","46000","97.41","長方形4.4:22.1","「住六」住宅區","60","240","臺南市安南區安和路三段97號","透天?酥雞大王","2.7","{""spatialReference"":{""wkid"":4326},""rings"":[[[120.21762113159866,23.04596337536795],[120.21741907471117,23.046010054508923],[120.21742381824681,23.04605035221164],[120.21763632961392,23.046001286661067],[120.21762113159866,23.04596337536795]]]}"
"46","D06BA0003","臺南市安南區新淵段438地號","47500","132.36","長方形5.1:25.95","「住六」住宅區","60","240","臺南市安南區安中路三段210號","透天住家用","0.64","{""spatialReference"":{""wkid"":4326},""rings"":[[[120.17972804923652,23.048126509660857],[120.17967983555882,23.048136809343898],[120.17973670244346,23.048365565144227],[120.1797369329775,23.048366490112734],[120.17978514674473,23.048356188608857],[120.17978491718067,23.048355264548473],[120.17972804923652,23.048126509660857]]]}"
"47","D06BA0004","臺南市安南區安中段265地號","42400","91.39","長方形4.3:21.2","「住四-2」住宅區","60","200","臺南市安南區同安路141號","透天住家用","0.72","{""spatialReference"":{""wkid"":4326},""rings"":[[[120.19051873261827,23.04089785224097],[120.19037275030381,23.041030930555316],[120.19040244021562,23.041058895115064],[120.19054851902274,23.04092599786884],[120.19051873261827,23.04089785224097]]]}"
"48","D06BA0005","臺南市安南區溪墘段974地號","85000","142.44","長方形4.9:29.1","「住一」住宅區","50","120","臺南市安南區海佃路一段196號","透天陳昱成耳鼻喉科診我","0.72","{""spatialReference"":{""wkid"":4326},""rings"":[[[120.19164961609526,23.024906554531658],[120.19164027890548,23.024950844532125],[120.19191028827848,23.02500631369817],[120.19192108874724,23.02496203115196],[120.19164961609526,23.024906554531658]]]}"
"49","D06BA0007","臺南市安南區公塭段1-2地號","18400","169.88","長方形5.6:30.0","「住三」住宅區","60","165","臺南市安南區十二佃路85號","透天住家用","2.87","{""spatialReference"":{""wkid"":4326},""rings"":[[[120.17433370728983,23.068310266068632],[120.1742955299447,23.0683165952815],[120.17427946962162,23.068319265513317],[120.17436467183246,23.0685807229827],[120.17441916796582,23.068572564652214],[120.17433370728983,23.068310266068632]]]}"
"50","D06BA0008","臺南市安南區長安段61地號","26400","89.16","長方形4.3:20.7","「住四」住宅區","60","180","臺南市安南區長和路四段423號","透天住家用","2.83","{""spatialReference"":{""wkid"":4326},""rings"":[[[120.19829493714474,23.06705331677178],[120.19825603346361,23.067063865155866],[120.19831670769439,23.067249649156263],[120.1983555132967,23.06723919146452],[120.19829493714474,23.06705331677178]]]}"
"51","D06BA0012","臺南市安南區頂安段150-5地號","41700","88.69","長方形4.2:21.1","住宅區","60","180","臺南市安南區安中路一段418號","透天住家用","1.47","{""spatialReference"":{""wkid"":4326},""rings"":[[[120.20285021879066,23.038859497468035],[120.2028152686533,23.03887961915049],[120.20286014228884,23.039075485634026],[120.2028942727633,23.039054388175813],[120.20285021879066,23.038859497468035]]]}"
"52","D06BA0013","臺南市安南區天馬段27地號","45400","78.1","長方形5.0:15.6","「住三-1」住宅區","55","165","臺南市安南區安中路四段31號","透天住家用","1.35","{""spatialReference"":{""wkid"":4326},""rings"":[[[120.1729861125549,23.04996348794443],[120.17291387799466,23.050095670855985],[120.17295167533061,23.050121965326948],[120.17302622412991,23.049978326372212],[120.1729861125549,23.04996348794443]]]}"
"53","D06BA0014","臺南市安南區淵東段833地號","32400","120.94","長方形4.5:26.8","「住三-1」住宅區","55","165","臺南市安南區本原街三段159號","透天機械電腦","1.9","{""spatialReference"":{""wkid"":4326},""rings"":[[[120.1755914692025,23.052267965691783],[120.17558523470888,23.052298274066352],[120.17557789442856,23.05233390438907],[120.17557005086502,23.05237206049374],[120.1755411918647,23.05251223658824],[120.17558172063643,23.052522832451537],[120.17563266609947,23.052281003131114],[120.17563387220616,23.052275230203897],[120.1755914692025,23.052267965691783]]]}"
"54","D06BA0016","臺南市安南區海佃段1259地號","49000","96.95","長方形4.8:20.2","「住一」住宅區","50","120","臺南市安南區國安接60號","透天東方美早餐店","2.53","{""spatialReference"":{""wkid"":4326},""rings"":[[[120.19008630498584,23.0225936563309],[120.19004928182203,23.022770308345816],[120.19009583582348,23.022778655600483],[120.19013294707437,23.022602109676193],[120.19008630498584,23.0225936563309]]]}"
"55","D06BA0018","臺南市安南區新淵段34-4地號","53800","86.13","長方形4.6:18.7","「住四」住宅區","60","180","臺南市安南區海佃路三段310號","透天住家用","0","{""spatialReference"":{""wkid"":4326},""rings"":[[[120.17907852581484,23.05285093878211],[120.1790498358237,23.05288335209969],[120.17918994386699,23.052989548480987],[120.17921863287302,23.052957135133024],[120.17907852581484,23.05285093878211]]]}"
"56","D06BA0019","臺南市安南區溪東段102地號","44500","97.88","長方形4.7:21.0","「住一」住宅區","50","120","臺南市安南區北安路二段67號","透天住家用","2.8","{""spatialReference"":{""wkid"":4326},""rings"":[[[120.20464786138739,23.02606435556259],[120.20464205527037,23.02610613573991],[120.20484543225488,23.02612937183541],[120.20485123778109,23.026087681947377],[120.20464786138739,23.02606435556259]]]}"
"57","D06BA0020","臺南市安南區外塭段877-34地號","47200","93","長方形4.2:22.1","「住三-一」住宅區","55","165","臺南市安南區安和路五段254號","透天鳳慈素食","2.63","{""spatialReference"":{""wkid"":4326},""rings"":[[[120.21708583770487,23.067664013786253],[120.21706854279446,23.067698031971844],[120.21726375323172,23.067781402922236],[120.21728064874671,23.067746577254145],[120.21708861018494,23.06766521136428],[120.21708583770487,23.067664013786253]]]}"
"58","D06BA0021","臺南市安南區州南段97地號","47200","89","長方形3.7:24.0","「住三-1」住宅區","55","165","臺南市安南區安和路四段592號","透天電腦彩券行","2.63","{""spatialReference"":{""wkid"":4326},""rings"":[[[120.21880937026484,23.06266287789336],[120.21880834239501,23.062695890396117],[120.21903706487302,23.0627463845425],[120.21904867942177,23.062714659661843],[120.21880937026484,23.06266287789336]]]}"
"59","D06BA0022","臺南市安南區佃西段321地號","23900","111.63","長方形4.5:24.8","「住三」住宅區","60","165","臺南市安南區公學路四段336號","透天世代中藥行","1.67","{""spatialReference"":{""wkid"":4326},""rings"":[[[120.17293914690603,23.06521445636665],[120.17293255884192,23.065233746102123],[120.17286349908956,23.065435828373918],[120.17290817402963,23.065437660497523],[120.17297579922773,23.065240356600786],[120.17298078717694,23.06522579924313],[120.17293914690603,23.06521445636665]]]}"
"60","D06BA0023","臺南市安南區新順段1171-2地號","42400","113.99","長方形4.6:24.7","「住六」住宅區","60","240","臺南市安南區北安路三段426號","透天住家用","2.19","{""spatialReference"":{""wkid"":4326},""rings"":[[[120.2119385714797,23.04850702787374],[120.21178940701927,23.048685623706884],[120.21182463159708,23.048710781917453],[120.21197379506518,23.048532186046256],[120.2119435448339,23.04851058071349],[120.2119385714797,23.04850702787374]]]}"
"61","D06BA0024","臺南市安南區海東段1480地號","37500","94.6","長方形5.0:18.9","「住一」住宅區","50","120","臺南市安南區大安街32號","透天住家用","2.48","{""spatialReference"":{""wkid"":4326},""rings"":[[[120.19140601769026,23.031015494247157],[120.19137450481959,23.03118563766529],[120.19142207328301,23.031193373021065],[120.19145358207604,23.031023412881925],[120.19140972126884,23.031016145279523],[120.19140601769026,23.031015494247157]]]}"
"62","D06BA0025","臺南市安南區海北段848地號","44800","101.13","長方形4.9:20.7","「住五」住宅區","60","210","臺南市安南區海佃路二段776號","透天昱豐空調技術公司","2.07","{""spatialReference"":{""wkid"":4326},""rings"":[[[120.18498345636388,23.045902232613535],[120.18495723820622,23.04593881817467],[120.18512649027629,23.046042832485153],[120.18513091906807,23.04603653427325],[120.18515247106679,23.046006123767153],[120.18498345636388,23.045902232613535]]]}"
"63","D06BA0027","臺南市安南區城南段26地號","33600","101.42","長方形3.8:26.6","「住三-1」住宅區","55","165","臺南市安南區城西街一段23號","透天一吉餅店","0.91","{""spatialReference"":{""wkid"":4326},""rings"":[[[120.12933991889096,23.061998430219155],[120.12921465930242,23.062210467449507],[120.12924832886947,23.062225272415557],[120.129371018278,23.06201835000547],[120.12933991889096,23.061998430219155]]]}"
"64","D06BA0029","臺南市安南區安東段1197地號","52000","89.05","長方形4.2:21.0","「住一」住宅區","50","120","臺南市安南區安和路一段72號","透天住家用","2.38","{""spatialReference"":{""wkid"":4326},""rings"":[[[120.2150576049185,23.027332500211386],[120.21504304508288,23.027368319979956],[120.21524386373173,23.027426337573704],[120.21524822963326,23.027416566969944],[120.215258333342,23.027393961423805],[120.2150576049185,23.027332500211386]]]}"
"65","D06BA0030","臺南市安南區安西段2102-3地號","52300","107.53","長方形4.8:22.3","「住四-1」住宅區","50","180","臺南市安南區北安路二段206號","透天住家用","2.98","{""spatialReference"":{""wkid"":4326},""rings"":[[[120.20462148398641,23.03112901436268],[120.20461548835972,23.031172283520366],[120.20483669437476,23.031175195080746],[120.20483736036068,23.03113185578375],[120.20462148398641,23.03112901436268]]]}"
"66","D06BA0031","臺南市安南區和館段44-822地號","45100","122.48","長方形5.0:24.5","「住一-1」住宅區","50","135","臺南市安南區長和路一段358號","透天酷柏德式廚房","1.36","{""spatialReference"":{""wkid"":4326},""rings"":[[[120.22923647986376,23.06180723584226],[120.22922430023898,23.06181918015532],[120.22922328549224,23.061820179353564],[120.22920300274312,23.061840079396635],[120.22937689063946,23.06199185541748],[120.22940298596134,23.06196625590118],[120.22941036580092,23.06195901272022],[120.22923647986376,23.06180723584226]]]}"
"67","D06BA0032","臺南市安南區國安段1505-2地號","50200","132.59","長方形6.0:22.1","「住四-1」住宅區","50","180","臺南市安南區宜居路592號","透天住家用","2.47","{""spatialReference"":{""wkid"":4326},""rings"":[[[120.18415466255358,23.02560853983294],[120.18414686666307,23.025641580392264],[120.18414217525846,23.025661472020367],[120.18435280367122,23.02570404733201],[120.18436529284027,23.025651115136057],[120.18415466255358,23.02560853983294]]]}"
"68","D06BA0033","臺南市安南區安中段499-29地號","81700","102.23","長方形4.9:20.9","「住四」住宅區","60","200","臺南市安南區安中路一段801號","透天家味自助餐"," ","{""spatialReference"":{""wkid"":4326},""rings"":[[[120.19314074650597,23.044117846622818],[120.193101857037,23.04414000393365],[120.19321622360378,23.044306812765296],[120.19325475905252,23.044284139811104],[120.19314074650597,23.044117846622818]]]}"
"69","D06BB0009","臺南市安南區十字段849地號","49600","74.71","梯形4.4:16.9","「商10」商業區","80","300","臺南市安南區海佃路三段30號","透天住家用","2.5","{""spatialReference"":{""wkid"":4326},""rings"":[[[120.1836006934921,23.04767832699314],[120.18357308314101,23.047710060494556],[120.1835961079392,23.04772679464645],[120.1836191327431,23.047743528795134],[120.18368956723428,23.047794731547352],[120.18371225223406,23.04778690221332],[120.18373806612121,23.047778005421915],[120.1836006934921,23.04767832699314]]]}"
"70","D06BB0017","臺南市安南區城中段170地號","38400","118.08","長方形4.7:25.1","「商30」商業區","60","180","臺南市安南區安中路六段645號","透天泉聖便當","0.79","{""spatialReference"":{""wkid"":4326},""rings"":[[[120.12865957936528,23.063578891295602],[120.1286472412774,23.063600585417678],[120.12863887304826,23.063615154231844],[120.1288632030369,23.063724840406106],[120.12888390931855,23.063688576536695],[120.12865957936528,23.063578891295602]]]}"
"71","D06BD0006","臺南市安南區科工段31地號、科工段32地號、科工段33地號","18300","42213.05","長方形173.3:244.9","「工15(科)」乙種工業區","60","240","臺南市安南區本田路二段500號","透天可成科技","2.37","{""spatialReference"":{""wkid"":4326},""rings"":[[[120.15476098489233,23.03630052996145],[120.15447339938129,23.03654538771157],[120.15431771475104,23.03667139099499],[120.15396115449312,23.03694392259693],[120.15412716330117,23.037052384850938],[120.15396723290367,23.03716895578887],[120.15503064186996,23.037863773746686],[120.1550412478885,23.037870460232234],[120.15504697340137,23.03787387706865],[120.15505275704149,23.037877203915283],[120.15505861149244,23.037880440839853],[120.15506452412694,23.03788357874493],[120.15507049592067,23.03788661763569],[120.15507652681725,23.03788956654184],[120.1550826071728,23.03789240735187],[120.15508873687459,23.037895158125153],[120.15509492573557,23.037897809884115],[120.15510116405545,23.037900353546902],[120.15510744197061,23.037902806217893],[120.15511376933337,23.037905152598604],[120.15512013640966,23.037907389025126],[120.15512655288283,23.037909527288125],[120.15513299923974,23.037911567283412],[120.15513948530447,23.037913498227393],[120.15514601107145,23.037915321023103],[120.1551525667277,23.037917044648065],[120.15516893168673,23.037920850608753],[120.15517223814543,23.037921502174537],[120.15517441150605,23.037921892139362],[120.15517659489916,23.037922237910717],[120.15517877851184,23.037922548466177],[120.15518097205567,23.037922831081634],[120.15518316582472,23.037923077578203],[120.1551853696319,23.03792327897833],[120.15518757360798,23.037923453289316],[120.1551897778149,23.037923590578472],[120.15519199199235,23.037923693606814],[120.15519420640065,23.037923759613303],[120.15519641127757,23.03792378944884],[120.15519862613628,23.037923783217625],[120.1552008412202,23.037923740867555],[120.15520304677837,23.037923661443543],[120.15520526230706,23.037923547758705],[120.15520746831,23.037923396999936],[120.15520966472523,23.037923219099916],[120.15521187020289,23.03792299609823],[120.15521406810049,23.03792273693598],[120.15521625544037,23.037922449724306],[120.15521843324318,23.037922127244624],[120.15522061132188,23.037921760519367],[120.15522278957508,23.03792136580198],[120.15522494854028,23.037920934861503],[120.1552271077307,23.03792046780219],[120.1552292476331,23.037919964519812],[120.15523138770435,23.037919434148257],[120.15523350854393,23.03791885852395],[120.1552356197958,23.037918255758374],[120.15523772151623,23.037917616821836],[120.15523981370528,23.037916941714354],[120.15524188654999,23.037916239413487],[120.15524394986329,23.03791550094167],[120.15524600364517,23.037914726298897],[120.15524985462183,23.037913173837012],[120.15527157802958,23.037903529309776],[120.1552817250312,23.037898708194934],[120.1552917871931,23.037893723183217],[120.15530174206938,23.037888575057785],[120.15531161009828,23.037883272054792],[120.15532137180598,23.037877807749304],[120.1553310272093,23.03787217943236],[120.15534057619006,23.037866406066428],[120.1553500188045,23.037860478621777],[120.155359345296,23.037854397046363],[120.1553685556646,23.03784816134017],[120.15539047729833,23.037832383769825],[120.15563388831731,23.037644109055748],[120.155786406489,23.037520661142917],[120.15613220116805,23.03722397228321],[120.15476098489233,23.03630052996145]]]}"
"72","D06BD0010","臺南市安南區和工段773地號","18300","361.32","長方形10.0:36.1","「工乙5」工業區","70","210","臺南市安南區開安三街22號","透天美成工藝社","1.34","{""spatialReference"":{""wkid"":4326},""rings"":[[[120.22460725277092,23.047865366591793],[120.22452056162777,23.047906841169063],[120.2246824416511,23.048196778900078],[120.22476903587788,23.048155213462373],[120.22460725277092,23.047865366591793]]]}"
"73","D06BD0028","臺南市安南區布袋段1227地號","15100","871.33","長方形19.4:44.9","「工13」工業區","70","210","臺南市安南區工明二路51號","透天德源鑫機械","2.67","{""spatialReference"":{""wkid"":4326},""rings"":[[[120.20725920596341,23.06009266027808],[120.20714864756685,23.060121525716703],[120.20714648759339,23.06012209280658],[120.20704534111937,23.0601484950231],[120.2070434646125,23.06014898226299],[120.20694202487442,23.060175464211774],[120.20694108659418,23.060175712346016],[120.20683871834865,23.06020243338065],[120.20689028708358,23.060371572400705],[120.20731077519098,23.060261799176725],[120.20725920596341,23.06009266027808]]]}"
"74","D06BF0001","臺南市安南區淵南段932地號","9200","1761.09","長方形34.2:89.4","農業區","0","0"," ","素地"," ","{""spatialReference"":{""wkid"":4326},""rings"":[[[120.15694358038144,23.05432445199245],[120.15661379911212,23.05507027343176],[120.15691086960922,23.05494710049254],[120.15714672710742,23.054413692261814],[120.15694358038144,23.05432445199245]]]}"
"75","D07BA0001","臺南市安平區新南段26-17地號","82900","132","長方形5.3:24.9","「住五」住宅區","60","210","臺南市安平區府前路二段558號","透天禾春牙醫診所","2.62","{""spatialReference"":{""wkid"":4326},""rings"":[[[120.18530517773544,22.9930756623218],[120.18525480864676,22.993085544097582],[120.18530538310333,22.993306418705185],[120.18535482460952,22.993296712747682],[120.1853557523255,22.993296527886024],[120.18530517773544,22.9930756623218]]]}"
"76","D07BA0002","臺南市安平區新南段69-21地號","98300","116.38","長方形4.9:23.7","「住五」住宅區","60","210","臺南市安平區文平路372號","透天萬佳汽車美容","6.21","{""spatialReference"":{""wkid"":4326},""rings"":[[[120.1788426094357,22.991543623681306],[120.17881600938934,22.991546522630824],[120.17861363549716,22.991569247988323],[120.17861939072307,22.991613173128844],[120.17882176858701,22.99159044688321],[120.17884836864197,22.991587547933],[120.17884806377404,22.991585220199713],[120.1788428332063,22.991545329723557],[120.1788426094357,22.991543623681306]]]}"
"77","D07BA0004","臺南市安平區新南段127-47地號","108000","126","長方形4.5:28.0","「住五」住宅區","60","210","臺南市安平區中華西路二段75號","透天美心便當店","4.39","{""spatialReference"":{""wkid"":4326},""rings"":[[[120.18668978629204,22.988315799200468],[120.18641849742727,22.98834477471821],[120.1864235224281,22.988385147065248],[120.18669481137302,22.98835617154132],[120.18668978629204,22.988315799200468]]]}"
"78","D07BA0005","臺南市安平區新南段120-23地號","59000","102","長方形5.0:20.4","「住五」住宅區","60","210","臺南市安平區永華二街25號","透天住家用","1.56","{""spatialReference"":{""wkid"":4326},""rings"":[[[120.18396404490208,22.985303823857265],[120.18376731016994,22.98532482964335],[120.18377285255043,22.985369687281036],[120.18396963126769,22.98534867629813],[120.18396404490208,22.985303823857265]]]}"
"79","D07BA0006","臺南市安平區金華段42-47地號","57800","129","長方形5.6:23.1","「住五」住宅區","60","210","臺南市安平區建平八街372巷6號","透天住家用","3.8","{""spatialReference"":{""wkid"":4326},""rings"":[[[120.17478685167855,22.991604475069355],[120.17456199347231,22.991632117809818],[120.17456911882181,22.991681806887293],[120.17479397613421,22.991654164134165],[120.17478954930796,22.991623290673154],[120.17478685167855,22.991604475069355]]]}"
"80","D07BA0008","臺南市安平區金城段34-35地號","54800","110","長方形4.6:23.9","「住四」住宅區","60","180","臺南市安平區光州七街108號","透天住家用","5.85","{""spatialReference"":{""wkid"":4326},""rings"":[[[120.16089155600163,22.992796199261896],[120.16085753387496,22.99300963974738],[120.16085782719487,22.993009682839368],[120.16090184652242,22.99301616570755],[120.16093594166828,22.99280226235534],[120.16089155600163,22.992796199261896]]]}"
"81","D07BA0009","臺南市安平區金城段55地號","128000","4994","近似梯形62.6:79.8","「住五」住宅區","60","210","臺南市安平區永華路二段869號十三樓之3","透天皇鼎格里昂","2.66","{""spatialReference"":{""wkid"":4326},""rings"":[[[120.16703880094873,22.990676585874173],[120.1667508635506,22.9907248004464],[120.16652052127779,22.990763375375803],[120.16655099969518,22.99091934972147],[120.16648138749348,22.99100533814843],[120.16653625389813,22.991484844019578],[120.16660570306928,22.99147790402603],[120.16679815048639,22.99145736144538],[120.16699044972154,22.991435526549047],[120.16714267852475,22.991417300499503],[120.1671746656978,22.991371929960614],[120.16703880094873,22.990676585874173]]]}"
"82","D07BA0010","臺南市安平區金城段69-27地號","71400","71.1","長方形4.5:15.8","「住四」住宅區","60","180","臺南市安平區平豐路51號之1","透天住家用"," ","{""spatialReference"":{""wkid"":4326},""rings"":[[[120.16423469602883,22.986419423151034],[120.16423124868926,22.98645993287046],[120.16438485564503,22.98647112215655],[120.16438829903812,22.986430612411926],[120.16423469602883,22.986419423151034]]]}"
"83","D07BB0003","臺南市安平區新南段37-19地號","97100","100.1","長方形5.5:18.2","「商三(11)」商業區","80","280","臺南市安平區慶平路186號","透天住家用","2.56","{""spatialReference"":{""wkid"":4326},""rings"":[[[120.1795545892178,22.997129639776244],[120.17954280634656,22.99729362301618],[120.17955146860726,22.997294156411453],[120.17959633412171,22.997296919925528],[120.17960811790421,22.99713293668489],[120.1795545892178,22.997129639776244]]]}"
"84","D07BB0007","臺南市安平區妙壽段938地號","69600","67.99","長方形4.0:17.0","「特商三」特定商業專用區","80","280","臺南市安平區延平街75號","透天鈺佳鐘表行","0.88","{""spatialReference"":{""wkid"":4326},""rings"":[[[120.16279088083604,23.000469556764305],[120.16275228436191,23.00048045971512],[120.16275933831102,23.00049917117196],[120.16278606677363,23.00057003590691],[120.1628059332595,23.000622695881123],[120.16284354546747,23.00061323252571],[120.16279088083604,23.000469556764305]]]}"
"85","D08BA0001","臺南市中西區保安段2002地號","126000","82","長方形4.6:17.9","「住六」住宅區","60","240","臺南市中西區金華路三段7號","透天悟饕便當店","3.74"," "
"86","D08BA0002","臺南市中西區郡王祠段1852地號","114000","88.85","長方形4.4:20.0","「住四」住宅區","60","180","臺南市中西區健康路一段204號","透天林媽媽租屋","1.35","{""spatialReference"":{""wkid"":4326},""rings"":[[[120.20612460489508,22.981413205853123],[120.20608168789357,22.98141390291519],[120.2060809147104,22.981596290035093],[120.20612382243901,22.981595520686913],[120.20612460489508,22.981413205853123]]]}"
"87","D08BA0003","臺南市中西區成光段1010地號","86500","85","長方形4.3:19.8","「住四」住宅區","60","180","台南市中西區民權路四段206號","透天住家用","4.76","{""spatialReference"":{""wkid"":4326},""rings"":[[[120.18051509657286,22.999192683805894],[120.18051118611271,22.99928300693172],[120.18050752675619,22.99937325911476],[120.18050824649447,22.999373279092797],[120.18054989183703,22.99937443549265],[120.18055278045978,22.99929341439523],[120.18055696567681,22.99919344313328],[120.18051509657286,22.999192683805894]]]}"
"88","D08BA0006","臺南市中西區協進段700地號","46900","91","長方形4.8:19.0","「住五」住宅區","60","210","臺南市中西區大新街55號","透天住家用","4.73"," "
"89","D08BA0011","臺南市中西區南門段1264地號","100000","99.04","長方形5.7:17.3","「住五」住宅區","60","210","臺南市中西區忠義路一段47號","透天住家用","1.53","{""spatialReference"":{""wkid"":4326},""rings"":[[[120.20176342925458,22.985937100735075],[120.20159482872174,22.98594803566359],[120.20159551887174,22.98599987214044],[120.2016423432305,22.985996730786038],[120.20176440464004,22.985988541323483],[120.20176342925458,22.985937100735075]]]}"
"90","D08BA0012","臺南市中西區武聖段1367地號","56900","88.85","長方形4.6:19.3","「住四」住宅區","60","180","臺南市中西區武聖路69巷45號","透天夾物店鋪","1.62","{""spatialReference"":{""wkid"":4326},""rings"":[[[120.19142576326504,23.0044083466254],[120.19125875476301,23.004491925277044],[120.19128009593477,23.0045282449748],[120.19144671429896,23.004444664309812],[120.19142576326504,23.0044083466254]]]}"
"91","D08BA0013","臺南市中西區頂美段1512-42地號","158000","116.02","長方形4.5:25.7","「住四」住宅區","60","180","臺南市中西區中華西路二段777號","透天住家用","3.37","{""spatialReference"":{""wkid"":4326},""rings"":[[[120.18637222474857,23.004337656958047],[120.18636923672318,23.004357378685274],[120.18636612589016,23.004377897138802],[120.18661453515895,23.004410162702325],[120.18661831053551,23.00438975782355],[120.18662192054951,23.004370088951035],[120.18637222474857,23.004337656958047]]]}"
"92","D08BA0015","臺南市中西區頂美段984-9地號","136000","122.62","長方形5.1:24.0","「住四」住宅區","60","180","臺南市中西區和緯路五段217號","透天住家用"," ","{""spatialReference"":{""wkid"":4326},""rings"":[[[120.18151207266212,23.004668430973418],[120.18146239714837,23.00467091936398],[120.18147601385725,23.004887747953777],[120.18152568078531,23.00488507891476],[120.18151207266212,23.004668430973418]]]}"
"93","D08BB0004","臺南市中西區中正段500地號、中正段501地號","304000","104.76","長方形4.8:21.3","「商四（1）」商業區","80","320","臺南市中西區中正路224號","透天ETUDE HOUSE","0","{""spatialReference"":{""wkid"":4326},""rings"":[[[120.19717578472437,22.9931487098297],[120.19712902705471,22.993158288618098],[120.19713804049401,22.993194418674193],[120.19718492192779,22.993185355227705],[120.19717578472437,22.9931487098297]]]}"
"94","D08BB0007","臺南市中西區中山段401地號","120000","74.36","長方形4.3:17.4","「商四(1)」商業區","80","320","臺南市中西區民權路一段252號","透天雅維麗飾品店","1.02","{""spatialReference"":{""wkid"":4326},""rings"":[[[120.20720277497689,22.99303917601997],[120.20717999013587,22.993074261481688],[120.20733207130662,22.99314439202703],[120.20733799609704,22.99313363968435],[120.20735021040223,22.9931114776228],[120.20720277497689,22.99303917601997]]]}"
"95","D08BB0008","臺南市中西區中正段194地號","124000","104.83","長方形4.5:23.1","「商四(1)」商業區","80","320","臺南市中西區民生路二段79號","透天吾皇萬歲工夫手作麵","0.74","{""spatialReference"":{""wkid"":4326},""rings"":[[[120.1971222638799,22.994838182386268],[120.19707889743297,22.994851489712072],[120.19715081078448,22.99503988842906],[120.19719515558324,22.995026089386485],[120.1971222638799,22.994838182386268]]]}"
"96","D08BB0009","臺南市中西區永福段645地號","119000","77.4","長方形4.2:18.4","「商四(1)」商業區","80","320","臺南市中西區永福路二段142-1號","透天My賣飲料","0.51","{""spatialReference"":{""wkid"":4326},""rings"":[[[120.20166050128641,22.994269933728663],[120.20148884084594,22.99432175033139],[120.20150143290414,22.994358268436265],[120.20167249439955,22.99430547354871],[120.20166050128641,22.994269933728663]]]}"
"97","D08BB0010","臺南市中西區星鑽段1923地號","119000","85.5","長方形4.7:18.3","「商四(1)」商業區","80","320","臺南市中西區康樂街191號","透天住家用","2.08","{""spatialReference"":{""wkid"":4326},""rings"":[[[120.19480330353699,22.99440287268203],[120.19462697904137,22.994436453355053],[120.19463570717268,22.99447782858299],[120.19481271853951,22.99444356510375],[120.19480330353699,22.99440287268203]]]}"
"98","D08BB0014","臺南市中西區廣慈段65地號","309000","96.36","長方形4.8:20.1","「商四(1)」商業區","80","320","臺南市中西區北門路一段145號","透天深白服飾店","2.82","{""spatialReference"":{""wkid"":4326},""rings"":[[[120.21176014418535,22.99540018189206],[120.21156614919383,22.995410025551855],[120.21157057490902,22.995454141772157],[120.21176312127946,22.995443496247535],[120.21176014418535,22.99540018189206]]]}"
"99","D08BB0016","臺南市中西區新美段95地號、新美段96地號、新美段97地號、新美段98地號","235000","99.4","長方形6.9:14.5","「商四(1)」商業區","80","320","臺南市中西區民族路二段373號","透天阿庶甘蔗汁"," ","{""spatialReference"":{""wkid"":4326},""rings"":[[[120.2016982358983,22.99700100636582],[120.2016564348438,22.99701511747627],[120.2016680934102,22.99704621278153],[120.20171026336415,22.997032401521558],[120.2016982358983,22.99700100636582]]]}"
"101","D09BA0002","臺南市新營區民治段538地號","80200","117.12","長方形4.9:23.9","住宅區","60","200","臺南市新營區三民路106之12號","透天樂恩聯合診所","1.53","{""spatialReference"":{""wkid"":4326},""rings"":[[[120.31420711998743,23.30714906451869],[120.31420706746083,23.307153588287683],[120.31420469558093,23.307364472102726],[120.31421789622044,23.307364069319174],[120.31425063383035,23.30736306571569],[120.31425831056632,23.307152927496762],[120.31420711998743,23.30714906451869]]]}"
"102","D09BA0003","臺南市新營區東興段17地號","29900","86.59","長方形4.6:18.8","住宅區","60","200","臺南市新營區東學路88號","透天住家用","3.02","{""spatialReference"":{""wkid"":4326},""rings"":[[[120.32445179668902,23.315139489235424],[120.32444120804824,23.315313595053283],[120.32448513567907,23.315315897388],[120.32449529721903,23.315141166659437],[120.3244672320248,23.315140088528356],[120.32445179668902,23.315139489235424]]]}"
"103","D09BA0004","臺南市新營區大公段27-4地號","29200","105.3","長方形6.3:16.7","住宅區","60","200","臺南市新營區民族路318號","透天住家用","3.76","{""spatialReference"":{""wkid"":4326},""rings"":[[[120.3194154515402,23.318964814126513],[120.31941131006826,23.3190215944068],[120.31957519551761,23.319028608929923],[120.31957804649241,23.31897178692136],[120.3194154515402,23.318964814126513]]]}"
"104","D09BB0001","臺南市新營區民權段1126地號","134000","81.91","長方形4.2:19.5","商業區","80","320","臺南市新營區民權路18號","透天大福帆布行","0","{""spatialReference"":{""wkid"":4326},""rings"":[[[120.3133386402242,23.30326703992381],[120.31332976581596,23.303300818188838],[120.31350604776861,23.30336114254505],[120.31352113809363,23.303322009638645],[120.3133386402242,23.30326703992381]]]}"
"105","D09BB0002","臺南市新營區三興段1117地號","51400","114.92","長方形4.5:25.5","商業區","80","320","臺南市新營區中華路86號","透天透天厝(出售中)","4.94","{""spatialReference"":{""wkid"":4326},""rings"":[[[120.30983056821593,23.30454599794281],[120.30976148622187,23.304764100870628],[120.30980705275392,23.304770143828588],[120.30987430921397,23.3045515091081],[120.30983056821593,23.30454599794281]]]}"
"106","D09BD0001","臺南市新營區嘉芳段259地號","9800","1760","長方形32.0:55.0","工業區","70","210","臺南市新營區新工路29號","透天成浤塑膠股份有限公司","17.39","{""spatialReference"":{""wkid"":4326},""rings"":[[[120.28229891443107,23.30295811216815],[120.28176111709135,23.30298909639339],[120.28178002061235,23.303277525712737],[120.28212247618758,23.303257693110496],[120.28231804275113,23.30324676822358],[120.28229891443107,23.30295811216815]]]}"
"107","D09EB0001","臺南市新營區許丑段243-8地號","22200","101","長方形4.6:22.0","乙種建築用地","60","240","臺南市新營區中正路535號","透天住家用"," ","{""spatialReference"":{""wkid"":4326},""rings"":[[[120.31608304775725,23.328036952626018],[120.31586039283086,23.328077739358296],[120.31586955716934,23.32811723559424],[120.3160843838713,23.328078516842513],[120.31608304775725,23.328036952626018]]]}"
"108","D10BA0001","臺南市鹽水區朝琴段75地號","55400","84.72","長方形4.8:17.7","住宅區","60","180","臺南市鹽水區朝琴路85號","透天住家用","0","{""spatialReference"":{""wkid"":4326},""rings"":[[[120.26965537156444,23.32161840201195],[120.2695809760425,23.32175919198779],[120.26962310660342,23.32177916375612],[120.26969768135984,23.321641354449465],[120.26965537156444,23.32161840201195]]]}"
"109","D10BA0002","臺南市鹽水區後厝段655-12地號","25500","102.54","長方形4.7:21.8","住宅區","60","180","臺南市鹽水區中山路2之13號","透天世洋水族館","0","{""spatialReference"":{""wkid"":4326},""rings"":[[[120.26900086373483,23.319499644605486],[120.26898291884201,23.31950736270111],[120.26897394160498,23.319511203666057],[120.26895951544998,23.31951734891697],[120.2690638967454,23.31969147103041],[120.26910540012616,23.319674020252105],[120.26900086373483,23.319499644605486]]]}"
"110","D10BB0001","臺南市鹽水區朝琴段670地號","55700","101.39","長方形4.5:22.5","商業區","80","240","臺南市鹽水區三福路76號","透天商行","0","{""spatialReference"":{""wkid"":4326},""rings"":[[[120.26604443995481,23.321035991061372],[120.26600012849859,23.321039395458666],[120.26602063421005,23.321240225219032],[120.26606396799122,23.32123681623841],[120.26606475068021,23.321236729605616],[120.26606187736364,23.3212080012041],[120.26604443995481,23.321035991061372]]]}"
"111","D10EB0001","臺南市鹽水區歡雅段387地號","11300","145.57","長方形6.2:23.3","乙種建築用地","60","240","臺南市鹽水區歡雅54之21號","透天國鉅手機"," ","{""spatialReference"":{""wkid"":4326},""rings"":[[[120.24176984888284,23.291759735091755],[120.2417409184465,23.29181062295513],[120.24167758176553,23.291921284657782],[120.24172482086462,23.291955095060906],[120.24183879223746,23.291793063434916],[120.24176984888284,23.291759735091755]]]}"
"112","D11BA0001","臺南市柳營區柳南段8地號","29800","96.18","長方形4.0:24.0","住宅區","60","200","臺南市柳營區中山西路二段87號","透天愛迪兒安親才藝班","0.1","{""spatialReference"":{""wkid"":4326},""rings"":[[[120.31533410867128,23.276531683136902],[120.31525757676535,23.276741567019567],[120.31529476779602,23.276751301058965],[120.31537010689298,23.276545294842556],[120.31533410867128,23.276531683136902]]]}"
"113","D11BA0002","臺南市柳營區柳中段738-3地號","20000","88.23","長方形4.7:18.8","住宅區","60","200","臺南市柳營區成功街99號","透天住家用","1.38","{""spatialReference"":{""wkid"":4326},""rings"":[[[120.31437045952485,23.27853727682702],[120.314314157709,23.278699561260446],[120.31435832175372,23.27871057213288],[120.31441462356771,23.27854827865293],[120.31437045952485,23.27853727682702]]]}"
"114","D11BB0001","臺南市柳營區柳中段1066地號","38100","78.23","長方形5.6:14.0","商業區","80","320","臺南市柳營區柳營路二段6號","透天住家用","0","{""spatialReference"":{""wkid"":4326},""rings"":[[[120.31265290550694,23.27681126983746],[120.31263917187893,23.276858978227317],[120.31277176887993,23.27688637794433],[120.3127858989945,23.276837587681953],[120.31275202536723,23.276829041474706],[120.31271599074837,23.27682256268949],[120.31265290550694,23.27681126983746]]]}"
"115","D11EB0001","臺南市柳營區重溪段954地號","11600","153.6","長方形4.8:32.0","乙種建築用地","60","240","臺南市柳營區小?腿6之5號","透天住家用"," ","{""spatialReference"":{""wkid"":4326},""rings"":[[[120.36655122261885,23.287024183176097],[120.36625427941848,23.287112706265447],[120.36627048775767,23.287153822236807],[120.36656281969385,23.287066815604636],[120.36655122261885,23.287024183176097]]]}"
"116","D12BA0001","臺南市白河區長安段1504地號","31500","109","長方形4.7:23.1","住宅區","60","180","臺南市白河區新興路490號","透天住家用","0","{""spatialReference"":{""wkid"":4326},""rings"":[[[120.41833020970934,23.352733422723354],[120.41828600220458,23.352738161753873],[120.41831675160601,23.35295120367397],[120.41836094013216,23.352946347175358],[120.41833020970934,23.352733422723354]]]}"
"117","D12BA0002","臺南市白河區永安段406-2地號","32400","80","長方形4.5:17.8","住宅區","60","180","臺南市白河區三民路445號","透天住家用","0","{""spatialReference"":{""wkid"":4326},""rings"":[[[120.41304931162696,23.352097523998886],[120.41301286576311,23.352108470777527],[120.41302050221331,23.35212712018585],[120.41307756073455,23.352271383480016],[120.41311755217811,23.35225815816367],[120.41305302374408,23.352097619186736],[120.41305084891825,23.352097556852645],[120.41304931162696,23.352097523998886]]]}"
"118","D12BB0001","臺南市白河區永安段28地號","49000","127","長方形4.9:25.8","商業區","80","300","臺南市白河區中山路93號","透天年代眼鏡公司","0","{""spatialReference"":{""wkid"":4326},""rings"":[[[120.41552342049022,23.350457955026798],[120.4154708951567,23.35048650235222],[120.4154120311486,23.350518897156487],[120.4154120395295,23.35051698372856],[120.41530495916119,23.350575917341363],[120.41531916194761,23.350595060728732],[120.41533338658468,23.350615691439135],[120.4154107155787,23.350569842272144],[120.41541070581349,23.350572071745248],[120.4155453414799,23.35049300106415],[120.41552342049022,23.350457955026798]]]}"
"119","D12EB0001","臺南市白河區河東段600地號","10400","99","長方形4.2:23.6","乙種建築用地","60","240","台南市白河區糞箕湖38之5號","透天住家用"," ","{""spatialReference"":{""wkid"":4326},""rings"":[[[120.43375589263249,23.343095522016476],[120.43373911911168,23.343097535563256],[120.4337145552194,23.343100478120856],[120.43377167299788,23.343309241536414],[120.43381181611714,23.34329789415353],[120.43375589263249,23.343095522016476]]]}"
"120","D13BA0001","臺南市後壁區頭前段993地號","14900","72.55","長方形4.2:17.3","住宅區","60","150","臺南市後壁區後壁裡後壁170之43號","透天住家用","-0.2","{""spatialReference"":{""wkid"":4326},""rings"":[[[120.36427807325539,23.364551944737606],[120.36427512315889,23.364592197233854],[120.3644334310987,23.364601879252568],[120.36443641083441,23.364561554633426],[120.36427807325539,23.364551944737606]]]}"
"121","D13BB0001","臺南市後壁區頭前段444地號","22100","77.16","長方形4.2:18.4","商業區","80","240","臺南市後壁區後壁里後壁131之7號","透天自助餐","0","{""spatialReference"":{""wkid"":4326},""rings"":[[[120.36245656258893,23.365740639048262],[120.36241712528839,23.365750880844224],[120.36246160577005,23.36591127112322],[120.36250147790282,23.36590215080008],[120.36245656258893,23.365740639048262]]]}"
"122","D13EB0001","臺南市後壁區道場段1037地號","8900","96.37","長方形5.0:19.3","乙種建築用地","60","240","臺南市後壁區菁寮里菁寮72號","透天住家用","0","{""spatialReference"":{""wkid"":4326},""rings"":[[[120.33549620183308,23.37872829673585],[120.33545364923734,23.37889721857487],[120.3355003200858,23.378906835028364],[120.33554521507952,23.378733074079125],[120.33549620183308,23.37872829673585]]]}"
"123","D13EB0002","臺南市後壁區福安段1099地號","12100","85.88","長方形4.3:20.0","乙種建築用地","60","240","臺南市後壁區福安里下寮102之29號","透天祐民診所"," ","{""spatialReference"":{""wkid"":4326},""rings"":[[[120.35360252502302,23.330673760382272],[120.35358203403224,23.330838297433104],[120.35362587326726,23.33084591629998],[120.35364645680104,23.33068063284667],[120.35360252502302,23.330673760382272]]]}"
"124","D14BA0002","臺南市東山區東安段55-1地號","10300","91.4","長方形4.9:18.6","住宅區","60","200","臺南市東山區東正里東勢19之33號","透天住家用","0","{""spatialReference"":{""wkid"":4326},""rings"":[[[120.40754640921948,23.32131049091799],[120.40749897377141,23.321315585115357],[120.40754251554742,23.321483013074157],[120.40758898503798,23.321473057054252],[120.40754640921948,23.32131049091799]]]}"
"125","D14BA0003","臺南市東山區東中段998地號","11200","87.84","長方形4.6:19.1","住宅區","60","200","臺南市東山區東仁街80號","透天住家用"," ","{""spatialReference"":{""wkid"":4326},""rings"":[[[120.40116955514033,23.32010304801684],[120.40113293310344,23.32011491801211],[120.40112793924399,23.320116524333674],[120.40118968508494,23.320280384406228],[120.40119477672602,23.320278778456444],[120.40123237980046,23.32026618979366],[120.40116955514033,23.32010304801684]]]}"
"126","D14BB0001","臺南市東山區東中段219地號","34200","83.74","長方形4.3:19.5","商業區","80","320","臺南市東山區達雲路15號","透天早安美芝城","0","{""spatialReference"":{""wkid"":4326},""rings"":[[[120.40366618849741,23.32236528995656],[120.40364306688979,23.322397439169833],[120.40371310652293,23.322434638522587],[120.40373544485442,23.322446552862093],[120.4038089956784,23.32248575213949],[120.40383241099863,23.32245351371879],[120.4037592496846,23.32241467713566],[120.4037011107278,23.32238384411012],[120.40366618849741,23.32236528995656]]]}"
"127","D14EB0001","臺南市東山區東原段483地號","12700","95.84","長方形4.5:21.3","乙種建築用地","60","240","臺南市東山區東原里前大埔167號","透天住家用"," ","{""spatialReference"":{""wkid"":4326},""rings"":[[[120.44483733951941,23.265052136381392],[120.44479395904278,23.265057906749814],[120.44483354000204,23.26524736359654],[120.44487702617887,23.26524204509898],[120.44483733951941,23.265052136381392]]]}"
"128","D15BA0002","臺南市麻豆區晉江段836地號","28000","113.43","長方形5.4:21.0","住宅區","60","180","臺南市麻豆區民權路51-2號","透天丸天瓜子行","2.21","{""spatialReference"":{""wkid"":4326},""rings"":[[[120.25160335401553,23.181139355258203],[120.25159938283554,23.181186021451502],[120.25181458615604,23.18119878333562],[120.25180831277409,23.1811500818497],[120.25160335401553,23.181139355258203]]]}"
"129","D15BA0004","臺南市麻豆區中興段478地號、中興段479地號","53200","142","長方形5.2:27.7","住宅區","60","200","臺南市麻豆區中興里興國路40之5號","透天柏榮牙醫診所"," ","{""spatialReference"":{""wkid"":4326},""rings"":[[[120.24753154150031,23.18080154865959],[120.24752494240009,23.180846305863962],[120.24778394054682,23.18086975734538],[120.24779250510576,23.180822842321895],[120.24753154150031,23.18080154865959]]]}"
"130","D15BB0001","臺南市麻豆區保安段750地號","114000","90.92","長方形4.2:21.6","商業區","80","300","臺南市麻豆區興中路56號","透天邦妮服飾店","3.01","{""spatialReference"":{""wkid"":4326},""rings"":[[[120.25004271106876,23.1834004428995],[120.25000275008703,23.183402510015327],[120.25000294265087,23.18359575270952],[120.25004552980081,23.18359568470389],[120.25004271106876,23.1834004428995]]]}"
"131","D15BD0001","臺南市麻豆區埤頭段434-7地號、埤頭段435-1地號","11000","2624","長方形40.0:66.8","工業區","70","210","臺南市麻豆區埤頭28之1號","透天新豐冷凍廠","3.4","{""spatialReference"":{""wkid"":4326},""rings"":[[[120.22448681197525,23.190404598227474],[120.2244443630432,23.190995254420592],[120.22474948093874,23.191008406353763],[120.22478462190595,23.190419465862668],[120.22448681197525,23.190404598227474]]]}"
"132","D15EB0001","臺南市麻豆區寮子?v段336-13地號","16000","92","長方形6.7:13.6","乙種建築用地","60","240","臺南市麻豆區寮子?42之1號","透天住家用"," "," "
"133","D16BA0001","臺南市下營區營平段436-3地號","32100","108.98","長方形4.8:22.6","住宅區","60","200","臺南市下營區營前里中正南路87號","透天住家用","1.92","{""spatialReference"":{""wkid"":4326},""rings"":[[[120.26343971217467,23.23319463575812],[120.26342632980779,23.233236598437855],[120.26364194745693,23.233280121856932],[120.26365004807417,23.233253358911494],[120.26365467579906,23.23323802967412],[120.26343971217467,23.23319463575812]]]}"
"134","D16BB0002","臺南市下營區營中段699地號","68700","91.14","長方形5.7:16.4","住宅區","80","320","臺南市下營區中山路一段11號","透天羊肉羹小吃店"," ","{""spatialReference"":{""wkid"":4326},""rings"":[[[120.26141438632416,23.23487494110131],[120.26136798766804,23.235028403708398],[120.26141441737009,23.235037976953517],[120.26146660902731,23.234891864843867],[120.26141438632416,23.23487494110131]]]}"
"135","D16EB0001","臺南市下營區茅港尾段995-6地號","14900","80","長方形4.1:18.7","乙種建築用地","60","240","臺南市下營區開化里12鄰中營606之2號","透天住家用"," ","{""spatialReference"":{""wkid"":4326},""rings"":[[[120.27810928158733,23.214323823616056],[120.27810777157673,23.21434720075762],[120.2782333736957,23.21436329803428],[120.27829503743561,23.21437164121155],[120.27837114292437,23.214390008010742],[120.27837644767222,23.214363509452895],[120.27832137618392,23.214352343081952],[120.27828092796418,23.214344143335307],[120.27819204363936,23.21433338881997],[120.27813823131557,23.214327169377764],[120.27810928158733,23.214323823616056]]]}"
"136","D17BA0002","臺南市六甲區光明段822地號","34500","77.41","長方形4.3:18.2","住宅區","60","180","臺南市六甲區中山路229號","透天住商用"," ","{""spatialReference"":{""wkid"":4326},""rings"":[[[120.34650604227267,23.231612099779184],[120.34646491028825,23.231621121358305],[120.34651980012124,23.23177669378587],[120.34656010424831,23.23176712694767],[120.34650604227267,23.231612099779184]]]}"
"137","D17BB0001","臺南市六甲區民生段888地號","50500","69.24","長方形4.1:16.9","商業區","80","240","臺南市六甲區中正路426號","透天早安美芝城","1.21","{""spatialReference"":{""wkid"":4326},""rings"":[[[120.35103326075824,23.227736052483998],[120.35087831952323,23.227779127318524],[120.35089045448991,23.227815622809423],[120.35104504768245,23.227771788000695],[120.35103326075824,23.227736052483998]]]}"
"138","D17EB0001","臺南市六甲區保生段36-3地號","9400","78.44","長方形4.3:18.3","乙種建築用地","60","240","臺南市六甲區龜子港80巷6號","透天住家用"," ","{""spatialReference"":{""wkid"":4326},""rings"":[[[120.31326857714352,23.251762941019418],[120.31323598860035,23.251925455000325],[120.3132767776577,23.25193368539523],[120.31330959982137,23.25177000665362],[120.31326857714352,23.251762941019418]]]}"
"139","D18BA0002","臺南市官田區隆田段916地號","27000","80.69","長方形4.5:18.0","住宅區","60","180","臺南市官田區隆田里13鄰勝利路81號","透天住家用"," ","{""spatialReference"":{""wkid"":4326},""rings"":[[[120.3165779436677,23.194405695767692],[120.31646813721184,23.194538069209983],[120.31649970823794,23.194567048378307],[120.3166022414185,23.19444344764489],[120.3165779436677,23.194405695767692]]]}"
"140","D18BB0001","臺南市官田區隆田段605地號、隆田段606地號","27500","123.93","長方形4.6:28.0","商業區","80","260","臺南市官田區隆田里文化街38號","透天胡瓊月地政士事務所","0.89","{""spatialReference"":{""wkid"":4326},""rings"":[[[120.31806286914488,23.193589471163765],[120.31806366205555,23.193629595206428],[120.31820057906371,23.19364064528411],[120.31820253193025,23.193640807256152],[120.31820285423242,23.193598430527235],[120.31806286914488,23.193589471163765]]]}"
"141","D18EB0001","臺南市官田區西庄段299-4地號","8000","85","長方形4.4:19.4","乙種建築用地","60","240","臺南市官田區西庄91之5號","透天住家用"," "," "
"142","D19BA0002","臺南市大內區石城段477地號、石城段478地號","16500","72.8","長方形5.6:14.0","住宅區","60","200","台南市大內區石子瀨122之35號","透天住家用"," ","{""spatialReference"":{""wkid"":4326},""rings"":[[[120.35595630564657,23.119423313114893],[120.35592832883147,23.11946742883231],[120.35601561768844,23.119513098739553],[120.35605343017298,23.119504927242957],[120.35606967543933,23.11948253543794],[120.35595630564657,23.119423313114893]]]}"
"143","D19BB0001","臺南市大內區公所段646地號","22500","113.79","長方形4.3:27.4","商業區","80","320","臺南市大內區內庄22之4號","透天東昇五金行","2.62","{""spatialReference"":{""wkid"":4326},""rings"":[[[120.36079097141233,23.118023237870847],[120.36077279709498,23.11804498122281],[120.36097146316801,23.118210271336803],[120.36100230108856,23.11818419960233],[120.3609877085454,23.118171155053897],[120.36087661698824,23.118071788118797],[120.36086715147113,23.118081123131375],[120.36079097141233,23.118023237870847]]]}"
"144","D19EB0001","臺南市大內區頭社段578-9地號","8000","87","長方形4.3:18.3","乙種建築用地","60","240","臺南市大內區頭社1之10號","透天大內農會頭社分部"," ","{""spatialReference"":{""wkid"":4326},""rings"":[[[120.38415746707986,23.143587516401475],[120.38416069592529,23.143784894183938],[120.38420003074455,23.14380160925929],[120.38419667333407,23.143596023416993],[120.38415746707986,23.143587516401475]]]}"
"145","D20BA0001","臺南市佳里區佳里段2327-4地號、佳里段2328-7地號","63800","88","長方形5.0:17.6","「住二」住宅區","60","240","臺南市佳里區建南里光復路112號","透天外省麵店","1.44","{""spatialReference"":{""wkid"":4326},""rings"":[[[120.1750138312731,23.158437472544282],[120.17500833038336,23.15848305830343],[120.17508187060213,23.158490411752695],[120.17508651546889,23.15844539039238],[120.1750138312731,23.158437472544282]]]}"
"146","D20BA0002","臺南市佳里區佳里段2478-25地號、佳里段2478-46地號","46300","77","長方形4.2:18.3","「住二」住宅區","60","240","臺南市佳里區建南里中山路57號","透天住家用","0","{""spatialReference"":{""wkid"":4326},""rings"":[[[120.17750840322766,23.155456084190426],[120.17750824695075,23.15545688884282],[120.17750175409192,23.155492048129002],[120.1776599009582,23.15550336273675],[120.1776704211677,23.155468183827388],[120.17750840322766,23.155456084190426]]]}"
"147","D20BA0003","臺南市佳里區育善段61地號、育善段66地號","35100","96.33","長方形4.0:24.0","住「一」住宅區","60","190","臺南市佳里區安西里文化路423號","透天許秀盡地政士事務所","2.65","{""spatialReference"":{""wkid"":4326},""rings"":[[[120.17061365925888,23.16274400175831],[120.17060678902624,23.16293982396312],[120.17064574790314,23.16294102237125],[120.17065261919142,23.162745019571123],[120.17062811075022,23.162744348742716],[120.17061365925888,23.16274400175831]]]}"
"148","D20BA0004","臺南市佳里區佳里段937-7地號、佳里段940-12地號","64100","81","長方形4.6:17.6","「住二」住宅區","60","240","臺南市佳里區忠仁里延平路249號","透天明生電器行","1.92","{""spatialReference"":{""wkid"":4326},""rings"":[[[120.17812935310117,23.160095292129125],[120.17812502456486,23.16013695972905],[120.17813435196909,23.16013822381488],[120.17813093188225,23.160095508956346],[120.17812935310117,23.160095292129125]]]}"
"149","D20BB0003","臺南市佳里區佳里段1634-59地號","97700","69","長方形4.6:15.0","商業區","80","320","臺南市佳里區東寧里光復路264號","透天上雅禮品行","2.22","{""spatialReference"":{""wkid"":4326},""rings"":[[[120.17486541472752,23.162600638784586],[120.17486607202387,23.162640480339924],[120.17490031515678,23.162641476909922],[120.17490044019459,23.16260130173397],[120.17486541472752,23.162600638784586]],[[120.17501586502628,23.162599396859303],[120.17490785688248,23.16260011793277],[120.17490769059951,23.162640968329278],[120.17501650235893,23.16264011330784],[120.17501620483924,23.162621085750136],[120.17501586502628,23.162599396859303]]]}"
"150","D20EB0001","臺南市佳里區興化段105地號","23500","89","長方形3.9:22.8","乙種建築用地","60","240","臺南市佳里區佳里興493之4號","透天東方美早餐店"," ","{""spatialReference"":{""wkid"":4326},""rings"":[[[120.1875542291333,23.1888699646043],[120.18753585231809,23.188874572508873],[120.1873442379117,23.18892511864331],[120.187355604181,23.188958527423278],[120.1875356253672,23.188912144710596],[120.18757125745613,23.188902152860635],[120.1875542291333,23.1888699646043]]]}"
"151","D21BA0002","臺南市西港區港南段170地號","28500","88.72","長方形4.4:20.0","住宅區","60","200","臺南市西港區慶安里慶安路95之7號","透天住家用","0.86","{""spatialReference"":{""wkid"":4326},""rings"":[[[120.20086796266988,23.12068178594895],[120.20084200800912,23.120860628810217],[120.20088503152242,23.1208659035583],[120.20091088903555,23.120686969896802],[120.2008821083903,23.1206835733067],[120.20086796266988,23.12068178594895]]]}"
"152","D21BB0001","臺南市西港區慶安段778地號","46900","88.44","長方形3.5:22.6","商業區","80","320","臺南市西港區西港里中山路350號","透天千日好診所","0.65","{""spatialReference"":{""wkid"":4326},""rings"":[[[120.20329657422012,23.121975877484875],[120.20329082284466,23.122007453399842],[120.20347948261487,23.12205075681479],[120.20350444175624,23.122056571739396],[120.20351345157694,23.122018781575772],[120.20329657422012,23.121975877484875]]]}"
"153","D21EB0001","臺南市西港區&#21452;營段523地號","11500","73.58","長方形4.6:16.1","乙種建築用地","60","240","臺南市西港區後營里後營283之2號","透天住家用"," "," "
"154","D22EB0001","臺南市七股區七股段693-35地號","19300","70","長方形3.7:18.9","乙種建築用地","60","240","臺南市七股區玉成里玉成143號","透天元之氣早餐店","0.95","{""spatialReference"":{""wkid"":4326},""rings"":[[[120.14003709980751,23.141613424951718],[120.13991387250962,23.14174487044205],[120.13994208545891,23.141767871744037],[120.14006410663856,23.14163554104612],[120.14003709980751,23.141613424951718]]]}"
"155","D22EB0002","臺南市七股區龍山段80地號","8000","110.51","長方形4.1:27.0","乙種建築用地","60","240","臺南市七股區龍山里9之10號","透天住家用"," ","{""spatialReference"":{""wkid"":4326},""rings"":[[[120.11720791601324,23.137327693108432],[120.11716850479301,23.137334208679405],[120.11721637387404,23.137573433217437],[120.11725071077436,23.137567963774586],[120.11725580380342,23.13756705318866],[120.11720791601324,23.137327693108432]]]}"
"156","D22EE0001","臺南市七股區三合段954地號","1200","2500","長方形24.3:103.7","農牧用地","0","0"," ","素地","-2.44","{""spatialReference"":{""wkid"":4326},""rings"":[[[120.14667035703033,23.141827140598803],[120.14663702397878,23.142254312656327],[120.1466002997458,23.142761183877948],[120.14683676457851,23.14277499015392],[120.14687595354596,23.142255605949444],[120.1469062217409,23.141840937162804],[120.14667035703033,23.141827140598803]]]}"
"157","D23BA0001","臺南市將軍區西華段369地號","21500","106.37","長方形4.5:23.6","住宅區","60","150","臺南市將軍區西華里西華65之37號","透天住家用","2.01","{""spatialReference"":{""wkid"":4326},""rings"":[[[120.15632373580931,23.197735513669723],[120.15631047340078,23.19777236553412],[120.15653721190728,23.197846749893582],[120.15654305253416,23.19783288429316],[120.15655237520124,23.197810522227503],[120.15632373580931,23.197735513669723]]]}"
"158","D23BB0001","臺南市將軍區西華段109地號","28900","105.63","長方形5.7:18.5","商業區","80","240","臺南市將軍區西華里西華2之5號","透天住家用","0","{""spatialReference"":{""wkid"":4326},""rings"":[[[120.15755747453753,23.19879575210853],[120.15755393727407,23.19882507018883],[120.15755201355829,23.19884101650398],[120.1577355579321,23.19888422266568],[120.15777178753574,23.198845561241164],[120.15760519283629,23.198806843401456],[120.15755747453753,23.19879575210853]]]}"
"159","D23EB0001","臺南市將軍區將軍段3362地號","9600","77","長方形4.2:18.2","乙種建築用地","60","240","臺南市將軍區將富里將富106號","透天住家用"," ","{""spatialReference"":{""wkid"":4326},""rings"":[[[120.13839568985094,23.21638136926938],[120.13827325231243,23.216517425470634],[120.13830131450032,23.21654082461803],[120.13838804723227,23.216447577990834],[120.13842687420791,23.21640587449368],[120.13839568985094,23.21638136926938]]]}"
"160","D24BA0001","臺南市北門區保吉段140地號","6900","89.51","長方形4.5:19.9","住宅區","60","200","臺南市北門區保吉里蚵寮126號","透天住家用","-0.87","{""spatialReference"":{""wkid"":4326},""rings"":[[[120.13512067165071,23.284191674557167],[120.13509964046523,23.284227361377702],[120.13527053071044,23.284313877810902],[120.13529082134377,23.28427782569753],[120.13512067165071,23.284191674557167]]]}"
"161","D24BB0001","臺南市北門區保吉段335地號","11600","94","長方形4.2:22.3","商業區","80","280","臺南市北門區保吉里蚵寮202之1號","透天住家用","2.69","{""spatialReference"":{""wkid"":4326},""rings"":[[[120.13636487214329,23.285200454904366],[120.13635541782025,23.285235627720187],[120.13643780216374,23.285259540374632],[120.13656730165434,23.285297022071344],[120.13658210279836,23.2852618425489],[120.13636487214329,23.285200454904366]]]}"
"162","D24EB0001","臺南市北門區舊埕段114地號","7400","142","長方形11.5:12.3","乙種建築用地","60","240","臺南區北門區舊埕91之1及91之2號","透天天地民宿"," ","{""spatialReference"":{""wkid"":4326},""rings"":[[[120.12466138812145,23.267515307291283],[120.12464505149586,23.267540174287394],[120.12460480322406,23.267605547912485],[120.12468977212659,23.267679616490035],[120.1247581543606,23.26761874028547],[120.12466138812145,23.267515307291283]]]}"
"163","D25BA0001","臺南市學甲區仁得段179地號、仁得段186地號","16400","80.57","長方形4.2:19.2","住宅區","60","200","臺南市學甲區仁得里八德街12號","透天住家用","0.56","{""spatialReference"":{""wkid"":4326},""rings"":[[[120.18252963130932,23.22747834763],[120.18251279833282,23.227579123389212],[120.18255135892464,23.22758465153178],[120.18256838728078,23.227483876783882],[120.18252963130932,23.22747834763]]]}"
"164","D25BA0002","臺南市學甲區興善段581地號","22600","83.11","長方形4.5:18.3","住宅區","60","200","臺南市學甲區仁得里建國路118號","透天住家用","0.13","{""spatialReference"":{""wkid"":4326},""rings"":[[[120.17758856452768,23.230816817115088],[120.17754579725006,23.23082797090796],[120.177592113349,23.230987138230994],[120.17762342968417,23.230979084950906],[120.17763497782735,23.230976075233688],[120.17758856452768,23.230816817115088]]]}"
"165","D25BB0001","臺南市學甲區慈濟段802地號、慈濟段803地號","68100","72.87","長方形3.9:18.6","商業區","80","320","臺南市學甲區慈福里中正路240號","透天韓式泡菜鍋","0.45","{""spatialReference"":{""wkid"":4326},""rings"":[[[120.18034341134103,23.233227724999885],[120.18016412518362,23.233257491251774],[120.18016914541113,23.2332834330492],[120.18034833444594,23.233253575987625],[120.18034445359406,23.233233058034955],[120.18034341134103,23.233227724999885]]]}"
"166","D25EB0001","臺南市學甲區中洲南段2302地號","13800","89.61","長方形5.1:17.6","乙種建築用地","60","240","臺南市學甲區中洲58之1號","透天連發飼料行"," ","{""spatialReference"":{""wkid"":4326},""rings"":[[[120.15791832427418,23.244249541314915],[120.1578682166904,23.244250690398474],[120.15788213045694,23.244408126977326],[120.15793244834681,23.24440617536751],[120.15791832427418,23.244249541314915]]]}"
"167","D26BA0002","臺南市新化區新東段697地號","49000","78.27","長方形4.4:17.5","住宅區","60","180","臺南市新化區復興路236號","素地住家用"," ","{""spatialReference"":{""wkid"":4326},""rings"":[[[120.3109314381617,23.034320302521564],[120.3109215793076,23.034359541131384],[120.31109053974016,23.03438447800875],[120.31110127619074,23.03434533351142],[120.3109314381617,23.034320302521564]]]}"
"168","D26BB0002","臺南市新化區新音段341地號","90800","76.6","長方形4.3:17.8","商業區","80","300","臺南市新化區中山路264號","素地摩提夫","1.01","{""spatialReference"":{""wkid"":4326},""rings"":[[[120.30747854201718,23.035986475067247],[120.30744407987012,23.03614308908108],[120.3074860097037,23.036148058661276],[120.3075204838019,23.035989096828672],[120.3074874183986,23.035986965435825],[120.30747854201718,23.035986475067247]]]}"
"169","D26EA0001","臺南市新化區新化段太子廟小段2252-4地號","26000","77","長方形4.2:18.3","甲種建築用地","60","240","臺南市新化區中正路831號","透天住家用"," ","{""spatialReference"":{""wkid"":4326},""rings"":[[[120.30348002975123,23.044875560522907],[120.30346662707092,23.04491133882453],[120.30363230397028,23.044966627204236],[120.30364578266541,23.044930860058994],[120.30348002975123,23.044875560522907]]]}"
"170","D27BA0002","臺南市善化區光文段1105地號","51400","91.87","長方形4.3:21.4","住宅區","60","180","臺南市善化區信義路182號","透天嘉德五金行","1.8","{""spatialReference"":{""wkid"":4326},""rings"":[[[120.29913501173873,23.132938662029954],[120.29912837980633,23.13297665836589],[120.29933723141635,23.133006844094165],[120.29933735355435,23.133005887444693],[120.29933947526459,23.132967735606506],[120.29913501173873,23.132938662029954]]]}"
"171","D27BA0004","臺南市善化區善昌段1100-16地號","52000","79.2","長方形4.4:18.0","住宅區","60","180","臺南市善化區光復路142之1號","透天住家用","1.78","{""spatialReference"":{""wkid"":4326},""rings"":[[[120.2909647529258,23.128099615608452],[120.29090619251026,23.12825286327176],[120.29094667995962,23.12826614438211],[120.29100524131215,23.128112896707414],[120.2909647529258,23.128099615608452]]]}"
"172","D27BB0001","臺南市善化區光華段1340地號、光華段1341地號、光華段1342地號","99800","99.17","長方形4.5:21.1","商業區","80","300","臺南市善化區中山路324號","透天賴進龍牙醫診所","2.17","{""spatialReference"":{""wkid"":4326},""rings"":[[[120.29409367696857,23.132351656967252],[120.29409045574856,23.13236454657233],[120.29408737587973,23.13237841206181],[120.29413344312246,23.132376378814474],[120.2941378027423,23.132353055498672],[120.29409367696857,23.132351656967252]]]}"
"173","D27BB0003","臺南市善化區善成段1264-2地號","60500","103.48","長方形6.1:17.0","商業區","80","300","臺南市善化區和平路109號","透天住家用","2.04","{""spatialReference"":{""wkid"":4326},""rings"":[[[120.29805781310435,23.129991956587894],[120.29804836771666,23.130046160261553],[120.29821244562017,23.130070516009248],[120.29822189093949,23.13001631322735],[120.29816212116349,23.130007440632394],[120.29811873995544,23.13000100142912],[120.29807535875653,23.129994561311037],[120.29805781310435,23.129991956587894]]]}"
"174","D27BB0005","臺南市善化區善文段741地號","46600","61.28","長方形4.0:15.3","商業區","80","300","臺南市善化區永福路70號","透天住家用","1.32","{""spatialReference"":{""wkid"":4326},""rings"":[[[120.29166677591873,23.130018510544225],[120.29161806916855,23.13014588718729],[120.2916555948787,23.1301582463925],[120.29170459403115,23.130030961351785],[120.29166677591873,23.130018510544225]]]}"
"175","D27BB0008","臺南市善化區善文段542地號、善文段543地號","108000","99.65","長方形4.5:22.1","商業區","80","300","臺南市善化區中正路483號","透天政惠牙醫診所","1.71","{""spatialReference"":{""wkid"":4326},""rings"":[[[120.29382406963484,23.130935260153368],[120.29364559618402,23.13093692605178],[120.29364400731548,23.130982101991183],[120.29382424507807,23.130976347938752],[120.29382406963484,23.130935260153368]]]}"
"176","D27EB0001","臺南市善化區德興段565地號","20000","79.09","長方形4.3:18.2","乙種建築用地","60","240","臺南市善化區六分寮325之3號","透天泰生中藥房"," ","{""spatialReference"":{""wkid"":4326},""rings"":[[[120.3010998572457,23.153143485883998],[120.30101824130652,23.153289564918513],[120.30105537895649,23.153308485154064],[120.30113711308141,23.15316220796214],[120.3010998572457,23.153143485883998]]]}"
"177","D28BA0001","臺南市新市區華興段846地號","58100","83.29","長方形4.5:18.6","住宅區","60","180","臺南市新市區忠孝街165號","透天住家用","0.52","{""spatialReference"":{""wkid"":4326},""rings"":[[[120.2944770093654,23.074802347944505],[120.29428926975339,23.07483604085176],[120.29429279542165,23.074852419274748],[120.29429738867367,23.07487368779016],[120.294485118624,23.074839985801095],[120.2944770093654,23.074802347944505]]]}"
"178","D28BA0003","臺南市新市區福壽段171地號","50800","95.12","長方形4.3:22.6","住宅區","60","180","臺南市新市區和平街25號","透天住家用","2.44","{""spatialReference"":{""wkid"":4326},""rings"":[[[120.2945492586324,23.08098072497193],[120.29453212061348,23.08118444123988],[120.29457250578197,23.081194329031515],[120.29458568272676,23.081022101321953],[120.2945887270681,23.080982978173086],[120.2945492586324,23.08098072497193]]]}"
"179","D28BA0004","臺南市新市區新北段40-3地號","56300","92.5","長方形5.0:18.5","住宅區","60","180","臺南市新市區富中街91號","透天住家用","2.2","{""spatialReference"":{""wkid"":4326},""rings"":[[[120.29373110288358,23.08304619756075],[120.29364275874964,23.083191892487196],[120.29368531972996,23.0832139827712],[120.29377366383385,23.08306828782058],[120.29373110288358,23.08304619756075]]]}"
"180","D28BB0002","臺南市新市區永安段698地號","121000","123.04","長方形5.0:24.6","商業區","80","300","臺南市新市區中興街61號","透天慶記百貨行","3.08","{""spatialReference"":{""wkid"":4326},""rings"":[[[120.29384020207668,23.077892119914726],[120.2938170596682,23.078112930530505],[120.29383814137235,23.078116663927805],[120.29385905569926,23.07812067650936],[120.2938803371106,23.077985228791473],[120.29389418806576,23.077897093035467],[120.29384020207668,23.077892119914726]]]}"
"181","D28EB0001","臺南市新市區北社內段668地號","30900","78.97","長方形4.4:18.2","乙種建築用地","60","240","臺南市新市區社內99之10號","透天住家用"," ","{""spatialReference"":{""wkid"":4326},""rings"":[[[120.28095032403485,23.076665347230133],[120.28089253128047,23.076820339600754],[120.28091093650663,23.07682622073628],[120.28093266426698,23.076833155460232],[120.28099043712626,23.076678226194872],[120.28095032403485,23.076665347230133]]]}"
"182","D29BA0001","臺南市安定區保加段447地號、保加段456地號","24200","219.56","長方形7.6:28.4","住宅區","60","150","臺南市安定區安定264之5號","透天永翊成瓦斯行","0.63","{""spatialReference"":{""wkid"":4326},""rings"":[[[120.2349649237057,23.11604544220205],[120.2349496303664,23.116116940169977],[120.23511433128621,23.116140304811626],[120.2352218785525,23.11615556320026],[120.23522737838694,23.116087756169513],[120.2349649237057,23.11604544220205]]]}"
"183","D29BB0001","臺南市安定區保加段637-2地號","39000","92.08","長方形4.5:20.4","商業區","80","240","臺南市安定區安定396之3號","透天克里姆晨食店","1.57","{""spatialReference"":{""wkid"":4326},""rings"":[[[120.23573073131449,23.11975004629524],[120.23572668799278,23.11978960988942],[120.23593565219929,23.119803966724554],[120.2359328623154,23.119786484597856],[120.23593149616084,23.119777745931408],[120.23592933220594,23.119763691027785],[120.23573073131449,23.11975004629524]]]}"
"184","D29EB0001","臺南市安定區新吉段199地號","28700","93","長方形5.3:17.5","乙種建築用地","60","240","臺南市安定區新吉49之12號","透天住家用"," ","{""spatialReference"":{""wkid"":4326},""rings"":[[[120.21014770398654,23.08606509127425],[120.21014366415382,23.086113528072126],[120.21024142831864,23.086120506881333],[120.21031241698147,23.086125574636338],[120.21031628797677,23.08607712434656],[120.21014770398654,23.08606509127425]]]}"
"185","D30BA0001","臺南市山上區明南段188-2地號","19100","75.2","長方形4.3:17.5","住宅區","60","180","臺南市山上區明和路62之2號","透天住家用","1.12","{""spatialReference"":{""wkid"":4326},""rings"":[[[120.34831703053769,23.10503475976683],[120.3482754878659,23.105193610229133],[120.34830774781514,23.105196398315933],[120.34831772048686,23.105197261242026],[120.34835645854709,23.105049118047702],[120.34831703053769,23.10503475976683]]]}"
"186","D30BB0002","臺南市山上區樹王段663地號","39000","60.88","長方形3.6:16.9","商業區","80","260","臺南市山上區南洲55號","透天三陽機車行"," ","{""spatialReference"":{""wkid"":4326},""rings"":[[[120.35504234246058,23.101650912149307],[120.35500538052992,23.101657813727158],[120.35505682076418,23.101799843545912],[120.35507852347324,23.101793258883017],[120.35509023577008,23.10178956822301],[120.35504234246058,23.101650912149307]]]}"
"187","D30EB0001","臺南市山上區明北段587地號","7300","103.52","長方形5.4:19.2","乙種建築用地","60","240","臺南市山上區北勢洲32之1號","透天住家用"," ","{""spatialReference"":{""wkid"":4326},""rings"":[[[120.33482707206282,23.110254417781935],[120.33481484288123,23.110301341266414],[120.33499861893152,23.11033138265451],[120.33501114803491,23.110283015588692],[120.33482707206282,23.110254417781935]]]}"
"188","D31EB0001","臺南市左鎮區左鎮段570-141地號","12100","88","長方形4.4:21.0","乙種建築用地","60","240","臺南市左鎮區中正路156之10號","透天佳行診所","1.79","{""spatialReference"":{""wkid"":4326},""rings"":[[[120.40883334465974,23.058753535893004],[120.40869083720254,23.05889042471287],[120.40872108286733,23.058918527367787],[120.4088632450566,23.058781370835103],[120.40883334465974,23.058753535893004]]]}"
"189","D31EC0001","臺南市左鎮區菜寮段381-24地號、菜寮段381-37地號","10400","91","長方形4.0:22.0","丙種建築用地","40","120","臺南市左鎮區菜寮62之22號","透天住家用"," ","{""spatialReference"":{""wkid"":4326},""rings"":[[[120.38848495537393,23.063538607279213],[120.38844943253041,23.063554082330636],[120.38850027104671,23.06365723896082],[120.38853602663909,23.06364252605372],[120.38848495537393,23.063538607279213]]]}"
"190","D31EE0001","臺南市左鎮區左鎮段967-3地號","2000","1460","不規則形30.5:49.0","農牧用地","0","0"," ","素地","1.54","{""spatialReference"":{""wkid"":4326},""rings"":[[[120.40419744878479,23.04211888598963],[120.40400067710631,23.04218300872702],[120.40409470063996,23.04231536139326],[120.40407071975777,23.042342113748997],[120.4041864945795,23.04246816114871],[120.40421440922304,23.042433537391318],[120.40425361091536,23.04239459900011],[120.40423213809137,23.04235449200627],[120.40422340593013,23.042178789953898],[120.40419744878479,23.04211888598963]]]}"
"191","D32BA0001","臺南市仁德區義林段38-1地號","33900","106.2","長方形4.5:23.6","住宅區","60","200","臺南市仁德區義林六街55號","透天住家用","0.9","{""spatialReference"":{""wkid"":4326},""rings"":[[[120.26207723337045,22.96904703713237],[120.26203348788839,22.969051944649944],[120.26206068383766,22.96926265660086],[120.26210443918791,22.969257740093063],[120.26207723337045,22.96904703713237]]]}"
"192","D32BA0002","臺南市仁德區後壁段1163地號","25600","88.65","長方形5.0:17.7","住宅區","60","200","臺南市仁德區德南路171號","透天住家用","1.81","{""spatialReference"":{""wkid"":4326},""rings"":[[[120.25530838612333,22.94657048501591],[120.25526966083666,22.946598306109436],[120.25537646372992,22.946723840376894],[120.25541485717685,22.946696080912663],[120.25530838612333,22.94657048501591]]]}"
"193","D32BA0004","臺南市仁德區南勢園段456地號","27100","88.6","長方形4.8:18.4","住宅區","60","200","臺南市仁德區保生東路108號","透天住家用","2.63","{""spatialReference"":{""wkid"":4326},""rings"":[[[120.23152008592399,22.955117953948946],[120.23134266053323,22.95513941699705],[120.23134862905103,22.955182411698832],[120.23152608374984,22.95516094878739],[120.23152324012263,22.955125771338878],[120.23152008592399,22.955117953948946]]]}"
"194","D32BA0005","臺南市仁德區二行段1284地號","29100","78.66","長方形4.5:17.6","住宅區","60","200","臺南市仁德區行大街169號","透天住家用"," ","{""spatialReference"":{""wkid"":4326},""rings"":[[[120.22003720081887,22.914907327637696],[120.21999410374448,22.91490908460546],[120.2200190446802,22.91506663136612],[120.2200629233088,22.915067993665396],[120.22003720081887,22.914907327637696]]]}"
"195","D32BB0001","臺南市仁德區白崙段27-10地號","42700","87.1","長方形4.7:18.4","商業區","60","350","臺南市仁德區文孝路35號","透天凱喬紙盒企業","0","{""spatialReference"":{""wkid"":4326},""rings"":[[[120.2398871206714,22.97199039385329],[120.23984628398338,22.972010245125286],[120.23992975974068,22.97215747660743],[120.23997059646207,22.972137625315153],[120.2398871206714,22.97199039385329]]]}"
"196","D32BB0002","臺南市仁德區正義段900地號","118000","100.93","長方形4.6:21.9","商業區","80","350","臺南市仁德區中山路572號","透天仁愛牙醫","0","{""spatialReference"":{""wkid"":4326},""rings"":[[[120.25225011094703,22.971656119067703],[120.25220591511012,22.971661139114598],[120.2522090884927,22.971704752036192],[120.25222010502675,22.9718560874504],[120.25226600626425,22.971853080155633],[120.25225011094703,22.971656119067703]]]}"
"197","D32EB0001","臺南市仁德區勝利段357地號","23700","169.36","長方形5.8:30.0","乙種建築用地","60","240","臺南市仁德區新田二街122之3號","透天住家用"," ","{""spatialReference"":{""wkid"":4326},""rings"":[[[120.26718873142165,22.95896424820336],[120.26717562310532,22.959015371187082],[120.26747271408966,22.95904903581951],[120.26747821100118,22.95900068606909],[120.26718873142165,22.95896424820336]]]}"
"198","D32ED0001","臺南市仁德區保安段192地號","16500","1145","長方形25.0:45.8","丁種建築用地","70","300","臺南市仁德區開發三路11號","透天毅益企業","2.06","{""spatialReference"":{""wkid"":4326},""rings"":[[[120.24615377183628,22.922271209573506],[120.24585729887418,22.922581991223257],[120.24604013702147,22.92273109681862],[120.24633725521235,22.92241997474281],[120.24615377183628,22.922271209573506]]]}"
"199","D33BA0001","臺南市歸仁區歸仁北段926-6地號","38100","76","長方形4.7:16.2","住宅區","60","200","臺南市歸仁區大成路179號","透天住家用","1.61","{""spatialReference"":{""wkid"":4326},""rings"":[[[120.29569616411268,22.96121978402738],[120.29567270136944,22.961256376273028],[120.29581751541402,22.96131242927258],[120.29583354454103,22.961277139581735],[120.2958351109859,22.96127368522153],[120.29569616411268,22.96121978402738]]]}"
"200","D33BA0002","臺南市歸仁區文化段255-9地號","46900","90.1","長方形4.6:19.6","住宅區","60","200","臺南市歸仁區民權北路185號","透天中丞文理補習班","2.65","{""spatialReference"":{""wkid"":4326},""rings"":[[[120.28815052700739,22.97161659419915],[120.28795970908489,22.97162446236124],[120.2879617045224,22.9716659600459],[120.2881525225032,22.97165809188291],[120.28815052700739,22.97161659419915]]]}"
"201","D33BA0003","臺南市歸仁區武東段345-23地號","43900","116.7","長方形4.4:26.5","住宅區","50","200","臺南市歸仁區中正南路二段19之2號","透天住家用","1.4","{""spatialReference"":{""wkid"":4326},""rings"":[[[120.27777374523461,22.928196434099306],[120.27751702011774,22.928227581978035],[120.27752258661448,22.928266978578776],[120.27777862891979,22.928235913374756],[120.27777797732166,22.928230646639882],[120.27777374523461,22.928196434099306]]]}"
"202","D33BA0004","臺南市歸仁區歸仁北段492-6地號、歸仁北段498-5地號、歸仁北段498-8地號","102000","80","長方形4.3:18.6","住宅區","60","200","臺南市歸仁區中山路二段211號","透天宏仁牙醫","1.2","{""spatialReference"":{""wkid"":4326},""rings"":[[[120.28934934323073,22.96699179919389],[120.28930555272785,22.966995711709423],[120.28930695561877,22.967018367765508],[120.28934992708359,22.967013684907567],[120.28934934323073,22.96699179919389]]]}"
"203","D33BA0005","臺南市歸仁區大同段746-15地號","34500","95.88","長方形4.5:21.2","住宅區","60","200","臺南市歸仁區文化街三段360號","透天住家用","1.79","{""spatialReference"":{""wkid"":4326},""rings"":[[[120.27998244479936,22.970535292039973],[120.27993848669523,22.970536345804035],[120.2799307479464,22.970727326172977],[120.2799746017628,22.97072885008109],[120.27998244479936,22.970535292039973]]]}"
"204","D33BB0001","臺南市歸仁區歸仁北段1089-4地號、歸仁北段1089-15地號","56900","104","長方形4.4:23.7","商業區","80","320","臺南市歸仁區民族北街22號","透天住家用","2.73","{""spatialReference"":{""wkid"":4326},""rings"":[[[120.29261022951823,22.967778355528115],[120.29238035769127,22.967803526701907],[120.29238305446506,22.967829509854678],[120.29238870833919,22.967842701251172],[120.29260960327225,22.96781755955122],[120.29261022951823,22.967778355528115]]]}"
"205","D33BB0002","臺南市歸仁區歸仁北段1130-79地號","107000","101","長方形4.3:23.5","商業區","80","320","臺南市歸仁區中山路一段605號","透天EASY SHOP","1.72","{""spatialReference"":{""wkid"":4326},""rings"":[[[120.29534078712491,22.966379029896967],[120.29534051285177,22.966482756988814],[120.29535232258806,22.966481428737477],[120.29534078712491,22.966379029896967]],[[120.29532224635796,22.96626674786921],[120.29528416628781,22.96626947826517],[120.29530460990819,22.966482749144014],[120.29533764758155,22.9664792070885],[120.29533778796238,22.966409782790404],[120.29532224635796,22.96626674786921]]]}"
"206","D33EB0001","臺南市歸仁區六甲段1043地號","27600","79","長方形4.0:19.7","乙種建築用地","60","240","臺南市歸仁區六甲路277號","透天住家用"," ","{""spatialReference"":{""wkid"":4326},""rings"":[[[120.27681915039949,22.95238416952014],[120.27678005563936,22.952384758873656],[120.27679686106441,22.952563689349137],[120.27683571555562,22.952560615568427],[120.27681915039949,22.95238416952014]]]}"
"207","D34BA0001","臺南市關廟區民生段199地號","28000","97","長方形4.6:21.0","住宅區","60","200","臺南市關廟區南雄路一段1158號","透天住家用","1.87","{""spatialReference"":{""wkid"":4326},""rings"":[[[120.32799955678729,22.95899017818263],[120.32779542325146,22.959036587038128],[120.32779654735286,22.959041964859416],[120.3277971288839,22.959044658367798],[120.32779771041497,22.959047351876166],[120.32779829194602,22.95905004538452],[120.3277988832731,22.959052729904045],[120.32779947455555,22.959055423453744],[120.32780007563395,22.9590581080146],[120.32780067671237,22.95906079257546],[120.32780148808014,22.959064335910615],[120.32780426609514,22.959076411326265],[120.32800750149234,22.95903021628686],[120.32799955678729,22.95899017818263]]]}"
"208","D34BB0001","臺南市關廟區文衡段278地號、文衡段279地號","47200","126","長方形5.0:25.2","商業區","80","320","臺南市關廟區南雄路二段10號","透天同懋毛巾","1.3","{""spatialReference"":{""wkid"":4326},""rings"":[[[120.32827237244176,22.960109438135355],[120.32804667268282,22.96017043928042],[120.32805619641036,22.96021261522978],[120.3282830402108,22.96015297347023],[120.32828152046719,22.960146745124252],[120.32827237244176,22.960109438135355]]]}"
"209","D34EB0001","臺南市關廟區保東段642地號","19700","107.61","長方形5.2:20.7","乙種建築用地","60","240","臺南市關廟區關新路一段819號","透天住家用"," ","{""spatialReference"":{""wkid"":4326},""rings"":[[[120.30817155638529,22.994809060424974],[120.30817028502588,22.99481545734286],[120.30816239608899,22.99485524643493],[120.30836083528892,22.994889208923073],[120.30837011242878,22.994843050501522],[120.30817155638529,22.994809060424974]]]}"
"210","D35EB0001","臺南市龍崎區崎頂段1403地號","5200","60","長方形4.0:15.0","乙種建築用地","60","240","台南市龍崎區新市子328號","透天住家用","-0.58","{""spatialReference"":{""wkid"":4326},""rings"":[[[120.35969790643439,22.96640333654133],[120.35967997567938,22.966434931873195],[120.3597995934635,22.966487004518637],[120.35980075230094,22.96648404362041],[120.35981494970554,22.966447732889215],[120.35969790643439,22.96640333654133]]]}"
"211","D35EC0001","臺南市龍崎區龍船段229-18地號、龍船段229-23地號","2100","456","長方形19.8:23.0","丙種建築用地","40","120","臺南市龍崎區後壁溪27號","透天順興煤氣行"," ","{""spatialReference"":{""wkid"":4326},""rings"":[[[120.41637488564245,22.94643956153652],[120.41630046415371,22.946574158754917],[120.41636023990725,22.946655148955955],[120.41633254779013,22.946703350173536],[120.4163390083932,22.94674024082837],[120.41639998623866,22.946736931490932],[120.41641660072784,22.946735979378644],[120.41650587430979,22.94658210068248],[120.41637488564245,22.94643956153652]]]}"
"212","D35EE0001","臺南市龍崎區中坑子段510-2地號","420","2688","長方形45.0:63.0","農牧用地","0","0"," ","素地","0","{""spatialReference"":{""wkid"":4326},""rings"":[[[120.37307882617712,22.956076831640328],[120.37283603600287,22.956165805722826],[120.37279016556312,22.9561554380548],[120.37274301946064,22.956279825199264],[120.3728034975937,22.956463815976498],[120.37295513429312,22.956742515906537],[120.37298399224859,22.956712134296755],[120.37306355616677,22.956713785286606],[120.3731441838009,22.956666378235887],[120.3732655690987,22.95663701239433],[120.37331429219809,22.95653007716921],[120.37313808820325,22.95618855526627],[120.37307882617712,22.956076831640328]]]}"
"213","D36BA0001","臺南市玉井區玉中段446地號","31800","63.79","長方形3.6:18.0","住宅區","60","200","臺南市玉井區中正路46號","透天住家用","0","{""spatialReference"":{""wkid"":4326},""rings"":[[[120.46059707467553,23.123672689257848],[120.46045420064914,23.12375428619671],[120.46047293139169,23.123782524853215],[120.46062393397727,23.123694724774733],[120.46059707467553,23.123672689257848]]]}"
"214","D36BB0001","臺南市玉井區玉田段231地號","37200","113.93","長方形5.0:21.9","商業區","80","320","臺南市玉井區中正路149號","透天住家用","0","{""spatialReference"":{""wkid"":4326},""rings"":[[[120.46261202342261,23.125034295116073],[120.46257279228941,23.12522569448199],[120.46262350724405,23.125239773962505],[120.46266032080713,23.125042496640926],[120.46261202342261,23.125034295116073]]]}"
"215","D36EB0001","臺南市玉井區望明段277地號","4500","225.24","長方形12.3:17.1","乙種建築用地","60","240"," ","素地菜棚"," ","{""spatialReference"":{""wkid"":4326},""rings"":[[[120.4567146562214,23.10537783664442],[120.456595301665,23.105392813452337],[120.45660347538238,23.105547413811742],[120.45673498542479,23.105536948855196],[120.4567146562214,23.10537783664442]]]}"
"216","D37BA0001","臺南市楠西區東勢段496-8地號、東勢段726-6地號","12100","85.69","長方形4.5:16.5","住宅區","60","150","臺南市楠西區東勢路51之3號","透天住家用","-0.25","{""spatialReference"":{""wkid"":4326},""rings"":[[[120.48725317640589,23.17773310839291],[120.48723582638158,23.17788257530674],[120.48727912187928,23.17788614780448],[120.48729663319104,23.17773535395891],[120.48725317640589,23.17773310839291]]]}"
"217","D37BB0001","臺南市楠西區埔尾段555地號","17000","91.36","長方形5.5:16.7","商業區","80","240","臺南市楠西區中正路104號","透天住家用","0","{""spatialReference"":{""wkid"":4326},""rings"":[[[120.48490602402354,23.176831946323215],[120.48489493685948,23.17684500396114],[120.4848722717403,23.176871749748493],[120.48499476652832,23.17694538602383],[120.48500743500686,23.176953012894774],[120.48504166872685,23.176915017071373],[120.48503007258057,23.17690793552715],[120.48490602402354,23.176831946323215]]]}"
"218","D37EA0001","臺南市楠西區鹿田段513地號","5300","88.75","單面臨街4.6:19.2","甲種建築用地","60","240","臺南市楠西區油車16之20號","透天住家用"," ","{""spatialReference"":{""wkid"":4326},""rings"":[[[120.4896225264426,23.158599965952032],[120.48962487632004,23.158642199277242],[120.48964583115765,23.15864305279283],[120.48966979347577,23.158644033441075],[120.48981204410401,23.15864985813973],[120.48980993571818,23.158608311901784],[120.4896225264426,23.158599965952032]]]}"
"219","D38EB0001","臺南市南化區南庄段262地號","13300","57.14","長方形3.9:14.2","乙種建築用地","60","240","臺南市南化區南化里178號(未登記)","素地住家用(未登記)","0.23","{""spatialReference"":{""wkid"":4326},""rings"":[[[120.47770522622363,23.042541989300396],[120.47763894870006,23.042649097040716],[120.47766868307414,23.042671193357595],[120.47774318787054,23.042556093752598],[120.47774018192445,23.042554976696803],[120.47770522622363,23.042541989300396]]]}"
"220","D38EC0001","臺南市南化區南化段1118-18地號","4700","84","長方形4.4:19.5","丙種建築用地","40","120","臺南市南化區南化31之25號","透天阿美檳榔"," ","{""spatialReference"":{""wkid"":4326},""rings"":[[[120.47135110206384,23.044656997572016],[120.47130690517508,23.044658164661772],[120.47131308360738,23.044834727266295],[120.47132457495333,23.044834352989874],[120.47135566552542,23.04483333624143],[120.47135110206384,23.044656997572016]]]}"
"221","D38EE0001","臺南市南化區北寮段381-2地號","1000","2016","長方形27.0:77.0","農牧用地","0","0"," ","素地","3.03","{""spatialReference"":{""wkid"":4326},""rings"":[[[120.48689805743729,23.08364059806064],[120.48689850625976,23.083655559260944],[120.48690387080127,23.08377076020049],[120.48691115869956,23.083882487977593],[120.48731540998992,23.083885759353794],[120.48761743284736,23.083888203233368],[120.48769273433692,23.083654410500184],[120.48689805743729,23.08364059806064]]]}"
"222","D39BA0001","臺南市永康區成功段690地號","67500","77.47","長方形4.4:16.9","住宅區","60","200","臺南市永康區忠義街2號","透天美商玫琳凱美容坊","4.69","{""spatialReference"":{""wkid"":4326},""rings"":[[[120.23656395694346,22.998806812183542],[120.23656394881823,22.998808256972776],[120.23649196754712,22.998807368205018],[120.23649144740037,22.998847820892358],[120.23665716135385,22.998849703224522],[120.23665778609963,22.998807986814786],[120.23664071715474,22.99880781425203],[120.23660219048533,22.998807357666934],[120.23656395694346,22.998806812183542]]]}"
"223","D39BA0003","臺南市永康區鹽東段1269地號","56000","84.03","長方形4.4:19.3","住宅區","60","200","臺南市永康區新行街56號","透天住家用","2.78","{""spatialReference"":{""wkid"":4326},""rings"":[[[120.24190344207946,23.039337080624602],[120.24173908451668,23.039416950033267],[120.2417421909651,23.039423267962153],[120.24174373438198,23.039426435909686],[120.24174527779894,23.039429603857208],[120.24174681145905,23.03943277175797],[120.2417483450687,23.03943594868859],[120.2417498689215,23.03943912557242],[120.24175138301746,23.03944230240948],[120.2417528971135,23.039445479246513],[120.24175440140218,23.03944866506668],[120.24175652177897,23.039453172240478],[120.2419233258937,23.039372185772564],[120.24190344207946,23.039337080624602]]]}"
"224","D39BA0005","臺南市永康區四維段89地號","45100","89.52","長方形5.9:15.1","住宅區","60","200","臺南市永康區八德街368號","透天住家用","1.36","{""spatialReference"":{""wkid"":4326},""rings"":[[[120.25344369620983,23.036904096670074],[120.25340808791907,23.037034269936683],[120.25346498620037,23.0370475057707],[120.25350037316338,23.036914992634667],[120.25344369620983,23.036904096670074]]]}"
"225","D39BA0006","臺南市永康區永信段1325地號","72000","82.04","長方形5.0:16.4","住宅區","60","200","臺南市永康區復國一路446號","透天筒仔米糕","1.28","{""spatialReference"":{""wkid"":4326},""rings"":[[[120.24586112145512,23.01417890766029],[120.24583048900031,23.014214114865993],[120.24595508743559,23.014306590402313],[120.24597749879035,23.01428143072078],[120.24598615660149,23.014271791610472],[120.24586112145512,23.01417890766029]]]}"
"226","D39BA0007","臺南市永康區橋北段31-6地號","94400","91.21","長方形4.3:21.1","住宅區","60","175","臺南市永康區東橋一路362號","透天住家用","1.63","{""spatialReference"":{""wkid"":4326},""rings"":[[[120.23232092053046,23.020524964962146],[120.23229520276811,23.020555903025887],[120.232473155624,23.020657539795685],[120.23249518393892,23.020624495139376],[120.23232092053046,23.020524964962146]]]}"
"227","D39BA0008","臺南市永康區蜈蜞潭段2083-3地號","41700","86","長方形4.1:20.5","住宅區","60","200","臺南市永康區龍安街157號","透天住家用","2.22"," "
"228","D39BA0011","臺南市永康區北灣段50地號","33300","83.88","長方形4.5:18.6","住宅區","60","200","臺南市永康區文賢街307號","透天住家用","1.85","{""spatialReference"":{""wkid"":4326},""rings"":[[[120.26964551371212,23.012037585344327],[120.2696436406586,23.012037775368466],[120.26960194324487,23.01204205296443],[120.26961480427038,23.012209893599007],[120.26962674018453,23.0122089201212],[120.26963271307496,23.01220842301997],[120.26963868502875,23.01220791869001],[120.26964464923196,23.01220740439085],[120.2696506223119,23.012206872072003],[120.26965843026207,23.01220617574017],[120.26964551371212,23.012037585344327]]]}"
"229","D39BA0013","臺南市永康區富強段1103地號","40500","82.68","長方形4.3:19.2","住宅區","60","200","臺南市永康區富強路一段295號","透天中西式早餐","0","{""spatialReference"":{""wkid"":4326},""rings"":[[[120.2750958837362,23.01955506667861],[120.27509297432943,23.019593801982595],[120.27527931152186,23.019604461164057],[120.27528364479538,23.019565805519584],[120.2750958837362,23.01955506667861]]]}"
"230","D39BA0014","臺南市永康區南工段1021地號","156000","101.64","長方形5.0:20.2","住宅區","60","200","臺南市永康區中華路398號","透天甜湯小時候","1.18","{""spatialReference"":{""wkid"":4326},""rings"":[[[120.23335387462443,23.009662002746836],[120.23332907070893,23.00970116384502],[120.23349975590088,23.009792382132336],[120.23352013239791,23.009759881893586],[120.23352446325816,23.00975303993648],[120.23335387462443,23.009662002746836]]]}"
"231","D39BA0015","臺南市永康區頂安段224地號","64100","72.74","長方形4.1:17.5","住宅區","60","200","臺南市永康區中華路911號","透天住家用","2.42","{""spatialReference"":{""wkid"":4326},""rings"":[[[120.2211991377986,23.02135214625779],[120.22116559280705,23.021373301327724],[120.22126220717246,23.021503702224248],[120.22129564450827,23.021482609815823],[120.2211991377986,23.02135214625779]]]}"
"232","D39BA0016","臺南市永康區蔦松南段561地號","32400","94.43","長方形4.4:21.4","住宅區","60","200","臺南市中正北路521巷8弄7號","透天住家用","2.88","{""spatialReference"":{""wkid"":4326},""rings"":[[[120.25691005441928,23.04282160066633],[120.25681736170739,23.043006030519194],[120.25686506892795,23.04300529658665],[120.25694896279713,23.04283838992652],[120.25694267476243,23.042835606186483],[120.25693953067581,23.042834226958284],[120.25693637677264,23.042832858520068],[120.25693323263171,23.04283148922464],[120.2569300787336,23.042830119883302],[120.25692692478607,23.04282875957185],[120.25692376103187,23.042827408244392],[120.25692059728269,23.042826056013908],[120.25691743347413,23.042824714619268],[120.25691426967059,23.042823372321568],[120.25691005441928,23.04282160066633]]]}"
"233","D39BA0019","臺南市永康區大灣段8747-2地號","90800","122","長方形5.0:24.5","住宅區","60","200","臺南市永康區大灣路866號","透天早餐店"," ","{""spatialReference"":{""wkid"":4326},""rings"":[[[120.25674657246662,22.99986021809002],[120.25669968043724,23.000077361402134],[120.25674689546665,23.0000866204017],[120.25679377441303,22.999869537515302],[120.25674657246662,22.99986021809002]]]}"
"234","D39BB0002","臺南市永康區大灣段6096-1地號","65900","83","長方形4.3:19.3","商業區","80","330","臺南市永康區永忠路82號","透天住家用","2.35","{""spatialReference"":{""wkid"":4326},""rings"":[[[120.26051047013881,23.018870399615867],[120.26049898303793,23.018907745382997],[120.26068135928534,23.0189546521928],[120.26069256090416,23.018917231933717],[120.26051047013881,23.018870399615867]]]}"
"235","D39BB0004","臺南市永康區大灣段7187-1地號","61400","82","長方形4.5:18.2","商業區","80","330","臺南市永康區國光七街3巷25號","透天住家用","1.5","{""spatialReference"":{""wkid"":4326},""rings"":[[[120.26201556463184,23.008577904863447],[120.26184752157239,23.008625582160416],[120.2618597814716,23.00866488276907],[120.26202772470653,23.008617093923498],[120.26201556463184,23.008577904863447]]]}"
"236","D39BB0017","臺南市永康區鹽中段104地號","106000","122.58","長方形4.1:30.7","商業區","80","330","臺南市永康區中正路589號","透天日本服飾","0.57","{""spatialReference"":{""wkid"":4326},""rings"":[[[120.23800679764065,23.040144840255632],[120.23797772576329,23.040168304969054],[120.23817276326844,23.040378165634895],[120.23820093338968,23.040351960412984],[120.23800679764065,23.040144840255632]]]}"
"237","D39BD0009","臺南市永康區鹽西段1333地號","28900","445.99","梯形13.4:33.4","工業區","70","210","臺南市永康區洲工街8號","透天鉦億實業","4.25","{""spatialReference"":{""wkid"":4326},""rings"":[[[120.22592528749588,23.03215718243484],[120.22585061892659,23.032256455490383],[120.2261037972153,23.03241985706872],[120.22619839352245,23.032345378748833],[120.22620716589704,23.03234004872862],[120.22592528749588,23.03215718243484]]]}"
"238","D39BD0012","臺南市永康區車行段914地號","18600","4032","梯形39.9:100.7","工業區","70","210","臺南市永康區經建路11號","透天世鴻食品","2.5"," "
"239","D39BF0018","臺南市永康區大灣段5288地號","12800","1500","長方形15.0:100.0","農業區","0","0"," ","素地"," ","{""spatialReference"":{""wkid"":4326},""rings"":[[[120.25494573348477,23.008254702600652],[120.25479095129447,23.00825425687274],[120.25508046868212,23.009034052527838],[120.25521814589337,23.008991045518318],[120.25494573348477,23.008254702600652]],[[120.25490201725718,23.00812989286704],[120.25476076317187,23.00817423912357],[120.25479024896032,23.008248569060616],[120.25494683513388,23.008248960066023],[120.25490201725718,23.00812989286704]]]}"