ID1,ID2,Name,CPType,X,Y,NOTE
13265,23590,N332,E,285620,2774919,1
13266,23591,N340,E,291738,2774707,1
13269,23592,N813,E,288901,2778555,1
13270,23594,N958,E,282877,2776007,1
13271,23722,N982,E,296130,2778420,1
13277,24201,N337,E,307165,2759020,1
13279,24203,N951,E,301706,2759133,1
13280,24555,N307,E,319824,2764100,1
13282,24556,N392,E,315468,2759562,1
13286,24557,N683,E,314565,2765377,1
13287,24647,N741,E,310627,2765749,1
13288,24644,N003,D,314138,2768490,1
13289,24685,N309,E,324655,2761432,1
13291,24703,3091,F,326844,2753418,1
13292,24686,N328,E,319871,2756039,1
13294,24704,3165,F,323739,2750381,1
13296,24706,3675,F,322508,2763174,1
13297,24687,N816,E,324091,2756832,1
13298,24705,3998,F,327622,2758403,1
13299,24806,2025,F,305254,2733537,1
13300,24807,2026,F,310950,2742590,1
13303,24823,4137,G,306883,2752184,1
13304,24808,3151,F,310476,2747457,1
13305,24809,3160,F,315436,2745351,1
13306,24810,3167,F,310105,2736614,1
13307,24811,3272,F,307462,2738788,1
13310,24812,3252,F,298906,2745686,1
13312,24798,N054,D,299785,2741631,1
13314,24813,3263,F,295584,2733293,1
13315,25033,N424,E,290133,2757486,6
13316,30186,N503,G,284857,2757695,1
13318,25034,N533,E,295766,2742816,1
13320,25032,N377,E,291485,2753454,1
13326,25502,F3178,G,292533,2763125,1
13327,25558,F765,G,290419,2766445,1
13328,25625,N372,E,302841,2764537,1
13329,25626,N654,E,300053,2762466,1
13331,25624,N301,E,298332,2765496,1
13332,25857,1081,G,292800,2759938,1
13333,25961,N399,G,296057,2759906,1
13337,26129,N524,E,331225,2780458,1
13342,26237,N365,E,328755,2773863,1
13348,26302,3946,F,332177,2760258,1
13351,26284,N988,E,335709,2771059,1
13352,26282,N004,D,337310,2776358,1
13353,26380,N339,E,342707,2766161,1
13355,26381,N485,E,342958,2773284,1
13356,26399,2977,F,348419,2766295,1
13362,26660,N363,E,317523,2785595,1
13368,26753,N346,E,295708,2788625,1
13369,26754,N367,E,298011,2785146,1
13370,26755,N383,E,293435,2785789,7
13371,26775,3100,F,300884,2785159,1
13373,26937,N828,E,312917,2771816,1
13374,26938,N832,E,314142,2777506,1
13376,26939,N989,E,318493,2774780,1
13379,27187,N405,E,304128,2795218,5
13381,27188,N727,E,298681,2794314,1
13382,27186,N401,E,299725,2789380,4
13384,27189,N945,E,300528,2792547,6
13391,27387,1114,G,287656,2780076,1
13429,25475,N409,E,288475,2760298,5
13436,26752,N306,E,302611,2785448,1
13460,24973,A12,G,296358,2770614,1
13507,253877,GD52,G,343947,2770133,1
13646,30778,A14,G,303915,2763456,1
13648,30779,A20,G,303551,2762964,1
13649,24207,F237,F,302882,2763841,1
13650,30780,A22,G,303392,2763747,1
13654,30777,A4,G,303998,2762850,1
13750,22703,A44,G,295636,2773521,1
13757,22933,A70,G,296704,2776940,1
13763,22704,A76,G,297092,2774468,1
13769,23973,A49,G,297968,2773339,1
13770,23974,A50,G,297259,2772040,1
13771,23975,A57,G,297416,2771918,1
13776,24211,F260,F,304445,2761777,1
13792,23512,N803,E,295562,2769922,1
13793,23612,H004,F,278545,2778029,1
13794,23593,N903,E,282939,2778610,1
13795,22705,A77,G,297721,2774797,1
13810,24202,N808,E,304744,2762213,5
13811,24971,GA01,G,296790,2766828,1
13812,24917,F193,F,297143,2768153,1
13813,25057,H216,F,284715,2748721,1
13814,25315,H139,F,283286,2759604,5
13815,25316,H171,F,283589,2758497,5
13816,26128,N904,E,342686,2779469,1
13817,26378,N035,D,350869,2766773,1
13818,26661,N901,E,320003,2789239,1
13819,27270,N020,D,301593,2797467,1
13896,24275,A65,G,305241,2760969,1
13916,23029,A87,G,314870,2791348,1
13981,25478,F231,F,291115,2763715,1
14108,23513,F008,F,294965,2769967,1
14109,23514,F025,F,293110,2767784,1
14110,23515,F156,F,294892,2771604,1
14111,23516,F157,F,297037,2771304,1
14112,23517,F170,F,290658,2769522,1
14113,23521,F172,F,294588,2769639,1
14114,23519,F191,F,293279,2767816,1
14115,23597,F080,F,284366,2779739,1
14116,23598,F081,F,286300,2779815,1
14117,23599,F098,F,283439,2779366,1
14118,23600,F099,F,280599,2779162,1
14119,23601,F100,F,280742,2778201,1
14120,23602,F101,F,282540,2777567,1
14121,23603,F102,F,284211,2778243,52
14122,23604,F103,F,288893,2777860,1
14123,23605,F120,F,287049,2777211,1
14124,23606,F121,F,285504,2775332,1
14125,23616,F122,F,287480,2776048,1
14126,23608,F123,F,289032,2776488,5
14127,23609,F124,F,290608,2775354,4
14128,23610,F135,F,287091,2773642,1
14129,23611,F136,F,288976,2774655,1
14130,23723,F084,F,292692,2779741,1
14131,23724,F097,F,294603,2778516,1
14132,23725,F104,F,290713,2777559,5
14133,23726,F105,F,292663,2777757,1
14134,23727,F125,F,293614,2775208,1
14135,23728,F126,F,294763,2776145,1
14136,23729,F138,F,293117,2773629,1
14137,23730,F139,F,294835,2773540,5
14138,23731,F140,F,296709,2773821,5
14139,23857,F014,F,296350,2776325,1
14140,23858,F128,F,297006,2775679,1
14141,23859,F129,F,298598,2775596,1
14142,23936,F011,F,299286,2772564,1
14143,23937,F141,F,298882,2773732,1
14144,24003,GC31,G,299114,2771579,1
14145,23940,F159,F,300216,2772084,1
14146,23938,F142,F,300929,2773364,1
14147,24062,F010,F,292578,2769670,1
14148,24063,F137,F,290989,2773549,1
14149,24064,F154,F,290119,2771543,5
14150,24065,F155,F,293157,2771805,1
14151,24066,F171,F,292528,2769507,1
14152,24206,F029,F,304725,2762350,1
14153,24208,F238,F,304828,2763469,1
14154,24209,F258,F,298132,2761517,51
14155,24210,F259,F,302711,2761833,1
14156,24212,F261,F,306535,2761627,1
14157,24213,F262,F,308847,2761788,1
14158,24214,F269,F,300911,2761145,1
14159,24215,F273,F,299029,2759921,1
14160,24216,F274,F,300869,2759665,1
14161,24217,F275,F,303140,2759501,1
14162,24218,F276,F,304602,2759804,1
14163,24231,F281,F,304620,2758697,1
14164,24220,F288,F,301906,2758609,1
14165,24221,F289,F,303763,2757781,1
14166,24232,F291,F,305057,2757304,1
14167,24233,F292,F,304021,2756255,1
14168,24224,F293,F,300751,2756604,1
14169,24225,F296,F,305196,2756046,1
14170,24226,F299,F,307150,2754940,1
14171,24227,F300,F,300241,2754681,1
14172,24228,F306,F,303912,2753977,1
14173,24229,F309,F,301534,2753008,1
14174,24230,F310,F,299825,2752665,52
14175,24559,F175,F,317300,2769491,5
14176,24560,F189,F,317785,2768684,1
14177,24561,F198,F,314902,2767416,1
14178,24562,F199,F,315998,2767649,1
14179,24563,F227,F,318267,2766541,1
14180,24574,F239,F,319416,2763739,1
14181,24565,F245,F,316062,2762971,1
14182,24566,F263,F,317213,2761805,1
14183,24567,F264,F,318969,2761279,1
14184,24568,F267,F,314221,2760631,1
14185,24569,F268,F,313060,2761084,1
14186,24570,F277,F,317254,2759630,1
14187,24649,F197,F,313287,2767754,1
14188,24650,F213,F,310439,2767086,1
14189,24651,F225,F,311142,2766099,1
14190,24652,F226,F,312385,2766028,1
14191,24691,F023,F,321955,2758724,1
14192,24692,F240,F,330017,2764051,1
14193,24693,F242,F,329465,2763536,1
14194,24694,F243,F,325005,2762401,1
14195,24695,F244,F,323437,2762374,1
14196,24696,F266,F,323850,2760309,1
14197,24697,F278,F,322847,2759938,51
14198,24698,F280,F,321266,2757528,1
14199,24709,F290,F,321451,2758283,51
14200,24700,F297,F,321177,2755694,1
14201,24701,F298,F,322674,2755670,1
14202,24801,F021,F,305698,2750962,5
14203,24802,F307,F,306244,2753128,52
14204,24803,F308,F,305160,2753044,1
14205,24804,F316,F,304729,2750178,1
14206,24912,F015,F,293034,2763576,1
14207,24913,F026,F,296744,2766864,1
14208,24914,F173,F,296726,2769619,1
14209,24915,F174,F,298589,2769809,5
14210,24916,F192,F,295031,2768040,5
14211,24918,F194,F,299111,2767951,1
14212,24919,F218,F,294539,2766221,6
14213,24920,F220,F,296781,2765722,1
14214,25036,F271,F,286983,2759729,1
14215,25061,F282,F,295018,2758392,51
14216,25038,F283,F,291221,2758382,1
14217,25039,F284,F,289669,2758432,1
14218,25040,F285,F,288285,2758081,1
14219,25041,F286,F,292769,2757314,1
14220,25042,F287,F,295032,2757831,51
14221,25043,F294,F,287143,2757603,1
14222,25044,F295,F,286762,2755463,1
14223,25045,F301,F,292287,2755041,1
14224,25046,F302,F,290956,2755308,1
14225,25047,F303,F,284914,2755026,5
14226,25048,F304,F,288087,2754159,1
14227,25049,F305,F,296245,2754492,1
14228,25050,F311,F,295232,2753016,1
14229,25062,F312,F,292126,2753317,1
14230,25063,F313,F,285727,2751573,1
14231,25053,F317,F,294354,2750625,1
14232,25064,F318,F,291221,2750798,1
14233,25055,F319,F,286680,2749343,1
14234,25056,F324,F,291218,2760165,52
14235,25309,F249,F,284985,2762353,1
14236,25319,F250,F,282848,2762772,1
14237,25311,F251,F,283621,2761227,1
14238,25312,F252,F,285286,2761107,1
14239,25313,F253,F,287019,2761704,1
14240,25314,F270,F,284624,2759574,1
14241,25476,F216,F,291468,2765769,1
14242,25477,F217,F,293140,2765752,1
14243,25479,F232,F,292537,2764119,1
14244,25480,F248,F,288558,2763966,1
14245,25481,F254,F,288893,2761318,1
14246,25482,F255,F,291289,2761421,52
14247,25483,F272,F,288860,2759704,1
14248,25636,F012,F,301891,2766124,1
14249,25637,F024,F,298316,2766314,1
14250,25638,F222,F,298931,2765857,1
14251,25639,F223,F,300710,2765829,1
14252,25640,F235,F,299355,2763417,1
14253,30776,F236,G,301291,2764010,1
14254,25818,F019,F,294825,2762923,1
14255,25819,F233,F,294707,2763743,5
14256,25820,F234,F,296508,2763548,1
14257,25821,F256,F,293485,2761920,1
14258,25822,F257,F,294948,2761501,51
14259,26130,F005,F,332792,2778100,1
14260,26131,F093,F,342289,2779913,1
14261,26132,F094,F,336628,2778735,1
14262,26133,F107,F,326791,2777588,1
14263,26134,F108,F,329207,2778265,1
14264,26135,F109,F,331011,2778087,1
14265,26136,F110,F,332860,2777803,1
14266,26137,F111,F,335234,2777664,1
14267,26146,F114,F,334158,2776845,1
14268,26139,F115,F,332776,2776269,1
14269,26140,F116,F,329211,2776868,1
14270,26141,F117,F,326916,2776573,1
14271,26142,F131,F,330510,2776132,1
14272,26143,F133,F,333122,2775108,1
14273,26147,F134,F,330307,2774604,1
14277,26238,F020,F,323908,2768548,1
14278,26239,F147,F,328878,2773930,1
14279,26240,F163,F,329463,2771742,1
14280,26241,F176,F,327047,2769783,1
14281,26242,F177,F,329064,2770274,1
14282,26243,F186,F,325362,2768952,1
14283,26244,F188,F,323024,2768433,1
14284,26245,F200,F,322042,2768118,1
14285,26285,F018,F,337247,2770153,1
14286,26286,F022,F,333924,2769245,1
14287,26287,F132,F,335499,2775931,1
14288,26288,F150,F,338919,2772821,1
14289,26289,F151,F,334981,2773442,1
14290,26290,F164,F,336218,2771553,5
14291,26291,F165,F,338693,2771881,1
14292,26292,F179,F,335215,2769884,5
14293,26293,F180,F,337044,2770023,1
14294,26294,F185,F,332974,2768788,1
14295,26295,F201,F,329232,2767886,1
14296,26296,F202,F,331167,2767735,1
14297,26297,F203,F,337454,2768413,1
14298,26298,F212,F,329699,2766637,1
14299,26299,F228,F,335572,2765454,52
14300,26300,F241,F,333751,2763409,1
14301,26301,F265,F,332541,2761661,1
14302,26384,F013,F,345164,2767966,1
14303,26385,F112,F,343029,2777710,4
14304,26386,F113,F,342352,2776218,1
14305,26387,F149,F,340303,2773316,4
14306,26388,F166,F,340895,2771386,1
14307,26389,F167,F,343085,2771800,1
14308,26390,F182,F,343548,2769782,1
14309,26391,F183,F,341625,2769069,1
14310,26392,F184,F,340231,2768735,1
14311,26393,F204,F,342679,2767836,51
14312,26394,F206,F,345051,2768001,51
14313,26395,F207,F,346298,2767889,1
14314,26396,F208,F,348201,2767908,51
14315,26397,F210,F,351169,2766588,1
14316,26398,F211,F,341404,2766773,51
14318,26564,F006,F,314612,2790428,1
14319,26565,F016,F,315060,2790910,1
14320,26575,F031,F,315516,2791274,1
14321,26567,F035,F,312434,2789683,5
14322,26568,F036,F,310857,2789863,5
14323,26569,F046,F,309352,2786835,1
14324,26570,F053,F,309869,2788189,1
14325,26571,F063,F,313061,2793266,1
14326,26572,F086,F,312919,2791810,1
14327,26573,F320,F,311249,2790972,1
14328,26662,F027,F,319465,2785920,1
14329,26663,F028,F,316603,2788880,1
14330,26664,F034,F,315024,2789868,5
14331,26665,F044,F,319175,2787435,1
14332,26676,F045,F,315481,2788305,1
14333,26667,F054,F,320400,2785921,1
14334,26668,F056,F,319073,2785687,1
14335,26669,F057,F,316456,2785359,1
14336,26670,F058,F,314203,2786006,1
14337,26671,F065,F,313320,2784753,52
14338,26672,F066,F,314362,2784562,1
14339,26673,F067,F,317311,2784225,1
14340,26674,F325,F,314325,2782665,1
14341,26675,F326,F,312788,2783074,1
14342,26780,F030,F,294783,2784453,1
14343,26758,F039,F,298145,2789711,x
14344,26759,F040,F,296290,2789831,1
14345,26760,F041,F,295197,2790087,1
14346,26761,F048,F,298178,2787994,x
14347,26762,F049,F,296758,2787418,1
14348,26763,F050,F,294905,2787692,5
14349,26764,F051,F,293000,2787609,1
14350,26765,F052,F,298665,2786432,1
14351,26766,F059,F,296269,2786020,4
14352,26767,F060,F,295366,2785832,1
14353,26768,F061,F,292430,2785943,1
14354,26769,F064,F,299323,2785005,x
14355,26770,F069,F,297414,2783837,1
14356,26771,F070,F,296068,2783634,1
14357,26772,F077,F,296915,2781610,1
14358,26773,F079,F,296355,2780390,1
14360,26774,F145,F,296587,2791974,5
14361,26947,C025,F,315115,2778514,5
14362,26948,F009,F,316569,2773456,1
14363,26949,F096,F,312126,2778282,1
14364,26950,F118,F,314701,2776460,6
14365,26951,F119,F,313791,2776670,1
14366,26952,F143,F,313194,2773496,1
14367,26953,F144,F,314790,2773523,6
14368,26954,F146,F,316376,2773360,1
14369,26955,F152,F,315025,2772603,5
14370,26956,F160,F,316870,2771837,51
14371,26957,F161,F,320345,2772301,1
14372,26958,F162,F,321857,2771868,1
14373,26959,F168,F,319132,2770994,1
14374,26960,F169,F,314709,2770267,5
14375,23193,GB62,G,318918,2774266,1
14376,27190,F032,F,301527,2795200,1
14377,27191,F033,F,298865,2795580,1
14378,27192,F037,F,303220,2789573,1
14379,27193,F038,F,301078,2789978,1
14380,27194,F042,F,300920,2796343,1
14381,27195,F047,F,301012,2787845,1
14382,27196,F127,F,299201,2792108,4
14383,27197,F153,F,304283,2791805,1
14384,27198,F215,F,304922,2793694,5
14385,27199,F219,F,300645,2794014,1
14386,27207,F221,F,298969,2794135,1
14387,27201,F224,F,297538,2793352,1
14388,27202,F279,F,303380,2794516,1
14389,27203,F321,F,305064,2790435,1
14390,27204,F323,F,303256,2790890,1
14391,27271,F017,F,302339,2797186,1
14392,27272,F055,F,311038,2797176,1
14393,27273,F095,F,303331,2795857,1
14394,27274,F178,F,306574,2795549,1
14395,27275,F181,F,309653,2795729,1
14396,27276,F187,F,305109,2796189,1
14397,27277,F246,F,311421,2794893,1
14398,27278,F247,F,308244,2793505,1
14399,27279,F315,F,307370,2794342,1
14400,27280,F327,F,302533,2797466,1
14401,27281,F328,F,304399,2798221,1
14402,27282,F330,F,308394,2798484,1
14403,27356,F007,F,295677,2779610,6
14404,27357,F071,F,292649,2783430,51
14405,27358,F073,F,288997,2781581,1
14406,27359,F074,F,291296,2781443,1
14407,27360,F075,F,293200,2782304,1
14408,27361,F082,F,288856,2779673,1
14409,27362,F083,F,290090,2779411,1
14410,27363,F085,F,295017,2780235,1
14411,27502,F196,F,302483,2767539,1
14437,32766,GC48,G,290772,2768619,1
14439,23642,D008,L,285510,2780241,1
14440,23643,D009,L,283544,2779387,1
14441,23644,D010,L,282044,2779249,1
14442,23645,D011,L,280990,2779259,1
14443,23646,D012,L,279431,2778912,1
14444,23775,90938,G,293925,2773262,1
14446,23976,A59,G,300052,2773323,1
14447,22764,A60,G,300157,2772713,1
14448,22765,GA03,G,300559,2772544,1
14449,23963,GA04,G,299677,2772670,1
14450,23964,GA05,G,299417,2772610,1
14451,22766,GA06,G,300147,2771836,1
14456,32815,GA06,G,291963,2771479,1
14469,24303,GA03,G,302319,2763947,1
14470,24304,GA05,G,301989,2763264,1
14471,24305,GA06,G,302285,2762765,1
14472,24306,GA07,G,302132,2762200,1
14473,24307,GA08,G,301875,2761627,1
14474,24308,GA09,G,301362,2761604,1
14484,24309,GA19,G,303638,2760448,1
14488,25381,GB11,G,283261,2762486,1
14490,25391,GC37,G,283504,2763327,1
14491,25392,GC41,G,283958,2763626,4
14496,25536,GC50,G,291306,2767846,1
14498,25531,GC54,G,290229,2767620,1
14503,26172,2043,L,331659,2780706,1
14504,26173,2046,L,334638,2780196,1
14505,26174,2047,L,336769,2779787,1
14506,26175,2048,L,338293,2779734,1
14507,26176,2050,L,340436,2779318,1
14508,26177,2051,L,342424,2779568,1
14509,26450,2052,L,342373,2778399,1
14510,26451,2053,L,342512,2777146,1
14511,26452,2054,L,342233,2775105,1
14512,26453,2055,L,343055,2773985,1
14513,26454,2056,L,343133,2771864,1
14514,26455,2057,L,343506,2770668,1
14515,26456,2058,L,343525,2769118,1
14516,26457,2059,L,345153,2768093,1
14517,26458,2060,L,346889,2768409,1
14518,26459,2061,L,348661,2768759,1
14519,26460,2062,L,349724,2767543,1
14520,26461,2063,L,351062,2767473,1
14521,26462,2064,L,350353,2766309,1
14522,26463,2065,L,348149,2764696,1
14525,26589,2026,L,313396,2792015,1
14526,26587,2024,L,313118,2795705,1
14527,26588,2025,L,313908,2793636,1
14528,26590,X015,L,314165,2790599,1
14529,26690,2027,L,315700,2789049,1
14530,26691,2028,L,317091,2788677,1
14531,26692,2029,L,319076,2788420,1
14532,26693,2030,L,318832,2787772,1
14533,26694,2031,L,318928,2786560,1
14534,26695,2032,L,319146,2785091,1
14535,26696,2033,L,319250,2784010,1
14536,26841,2007,L,296347,2781131,1
14537,26842,2008,L,296142,2783402,1
14538,26843,2009,L,296015,2785349,4
14539,26844,2010,L,294920,2787634,1
14540,26845,2011,L,295264,2788448,1
14541,26846,2012,L,295498,2790997,1
14542,26847,2013,L,295934,2791981,1
14543,26848,X016,L,296447,2780017,4
14544,27214,2014,L,297627,2793967,1
14545,27215,2015,L,298424,2794996,1
14546,27216,2016,L,300549,2794837,1
14547,27217,2017,L,301658,2796204,1
14548,27300,2018,L,302961,2797467,1
14549,27301,2019,L,304830,2797822,1
14550,27302,2020,L,306615,2798145,1
14551,27303,2021,L,308616,2798581,1
14552,27304,2022,L,310154,2797933,1
14553,27305,2023,L,311787,2796857,1
14554,27451,D001,L,295693,2779631,1
14555,27452,D004,L,292828,2783473,1
14556,27453,D005,L,291085,2782568,1
14557,27454,D006,L,290036,2781842,1
14558,27455,D007,L,287258,2780918,1
14753,23021,GA20,G,294476,2775918,1
14757,23761,GA24,G,294659,2776277,5
14761,24961,GA01,G,295756,2765345,1
14772,25877,GA26,G,292885,2763190,5
14773,25667,GA01,G,300376,2766178,1
14774,25668,GA02,G,300136,2765839,1
14775,25669,GA03,G,300567,2765394,1
14776,25678,GA04,G,300414,2765199,1
14777,25670,GA05,G,299817,2765665,1
14778,25671,GA06,G,299983,2766455,1
14779,25882,70583,G,291797,2760972,1
14780,25883,80572,G,291602,2760655,1
14781,25884,90533,G,291297,2760215,51
14782,25927,GA02,G,295111,2764617,1
14783,25928,GA03,G,295923,2764613,1
14784,26034,GA06,G,295822,2765052,1
14785,25858,GA07,G,294601,2763491,1
14786,25859,GA08,G,294197,2763157,1
14787,25860,GA09,G,293616,2762392,1
14788,25861,GA10,G,293365,2762189,1
14789,25862,GA11,G,293074,2761721,1
14790,25863,GA12,G,292393,2761454,1
14791,25864,GA13,G,291596,2760607,1
14792,25865,GA14,G,291760,2761304,1
14793,25866,GA15,G,291717,2760310,1
14794,25867,GA16,G,292230,2760676,1
14795,25868,GA17,G,292796,2760921,1
14796,25869,GA18,G,293300,2760957,1
14797,25870,GA19,G,292990,2761209,1
14798,25871,GA20,G,293335,2761494,1
14799,25872,GA21,G,294007,2761291,1
14800,25873,GA22,G,294685,2761477,1
14801,25874,GA23,G,294101,2761946,1
14802,25875,GA24,G,294262,2762427,1
14803,25876,GA25,G,294589,2762986,1
14804,25878,GA27,G,292595,2762242,1
14805,25879,GA28,G,291870,2761849,1
14806,25880,GA29,G,295252,2763214,1
14807,25881,GA30,G,291614,2759832,52
14808,26043,GA31,G,291811,2759416,51
14809,26794,GA02,G,291855,2785938,1
14811,26795,GA04,G,291948,2786412,1
14813,26796,GA06,G,292612,2786660,1
14814,26797,GA07,G,293097,2786651,1
14816,27385,F072,G,291065,2783765,1
14882,23758,90333,G,295438,2776937,1
14883,23760,90843,G,294865,2776000,1
14884,23762,GB01,G,295242,2776962,1
14885,23759,GB02,G,295133,2776384,1
14886,23763,GB03,G,295013,2776568,1
14887,23867,GB04,G,295220,2775963,1
14888,23764,GB05,G,294739,2775804,5
14889,23868,GB06,G,295564,2776783,5
14890,23965,GA10,G,299252,2772951,1
14891,24004,GB01,G,298758,2773496,1
14892,24005,GB02,G,298511,2773227,1
14893,23968,GB03,G,298599,2772698,1
14894,23969,GB04,G,299114,2772865,1
14895,24006,GB05,G,298881,2772985,1
14896,23971,GB06,G,298838,2773242,1
14897,23972,GB07,G,298432,2773022,1
14898,24657,91070,G,312759,2766025,1
14899,24658,91072,G,312524,2766387,1
14900,24659,91101,G,310828,2765966,1
14901,24660,GA01,G,312632,2766589,1
14902,24661,GA02,G,313125,2766432,1
14903,24662,GA03,G,312733,2765826,1
14904,24663,GA04,G,311060,2766377,1
14905,24664,GA06,G,312458,2766339,1
14906,24665,GA07,G,312085,2766359,1
14907,24666,GA08,G,312045,2765998,1
14908,24667,GA09,G,311277,2765684,1
14909,24668,GA10,G,311798,2766119,1
14910,24669,GA11,G,311395,2765816,1
14911,24702,G016,F,328980,2752336,1
14912,24805,G159,F,308992,2739345,1
14914,25663,70027,G,301311,2765834,1
14915,25666,70394,G,300392,2766474,1
14916,25664,GB05,G,301151,2766301,1
14917,25672,GB06,G,300968,2766040,1
14918,26791,91182,G,292114,2786421,1
14919,26792,91197,G,292444,2785648,1
14920,26793,93260,G,292701,2786145,1
14921,26798,GB01,G,292888,2786260,1
14922,26799,GB02,G,292811,2785543,1
14923,26800,GB03,G,292222,2785723,1
14924,27504,GB01,G,301106,2766659,1
14925,27505,GB02,G,301518,2766144,1
14926,27506,GB03,G,301261,2765860,1
14927,27507,GB04,G,300601,2766959,1
15124,23564,1004,L,296056,2772992,1
15125,23565,1005,L,294692,2772222,1
15126,23566,1008,L,291753,2768513,1
15127,24018,1002,L,299436,2772267,1
15128,24019,1003,L,298787,2772546,1
15129,24088,1006,L,293924,2771139,5
15130,24089,1007,L,293004,2769829,1
15131,24464,9004,L,304617,2764195,1
15132,24465,9005,L,304755,2762639,1
15133,24466,9006,L,305240,2760532,1
15134,24467,9007,L,307319,2760922,1
15135,24468,9008,L,307792,2760417,1
15136,24469,9009,L,309670,2760670,1
15137,24470,9010,L,311546,2761128,1
15138,24582,9011,L,312945,2761245,1
15139,24583,9012,L,314031,2760745,1
15140,24584,9013,L,315489,2760187,1
15141,24585,9014,L,316515,2759809,1
15142,24586,9015,L,317255,2759628,1
15143,24725,9016,L,318210,2759466,1
15144,24726,9017,L,318918,2759435,1
15145,24727,9018,L,320517,2758821,1
15146,24728,9019,L,321454,2758288,1
15147,24729,9020,L,321677,2756798,1
15148,24730,9021,L,322495,2756013,1
15149,24731,9022,L,322758,2755239,1
15150,24732,9023,L,323901,2754315,1
15151,24733,9024,L,325236,2753862,1
15152,24734,9025,L,325756,2753011,1
15153,24735,9026,L,326539,2752213,1
15154,24736,9027,L,327415,2751740,1
15155,25003,3003,L,298085,2769716,1
15156,25004,3004,L,297268,2768430,1
15157,30546,3005,G,296504,2767288,1
15158,25006,3006,L,296115,2765465,5
15159,24958,GB04,G,293724,2765254,1
15160,24959,GB05,G,293251,2764828,1
15161,25188,3010,L,291199,2760264,1
15162,25189,3011,L,289867,2758686,1
15163,25190,3012,L,287980,2758188,1
15164,25191,3013,L,287272,2757095,1
15165,25192,3014,L,285635,2755132,1
15166,25193,3015,L,284097,2754513,1
15167,25563,1009,L,290818,2767733,1
15168,25554,70451,G,292668,2765316,1
15169,25503,90418,G,292279,2765486,1
15170,25504,91026,G,292358,2765948,1
15171,25505,91029,G,292194,2766383,1
15172,25500,99037,G,292839,2766038,1
15173,25507,GB01,G,291792,2767430,1
15174,25508,GB02,G,292250,2766885,1
15175,23531,GB03,G,292727,2766323,1
15176,24960,GB06,G,292470,2765337,1
15177,25509,GB07,G,292007,2765827,1
15178,25510,GB08,G,291530,2766565,1
15179,25673,80375,G,298966,2765457,1
15180,25681,GC01,G,299298,2765200,1
15181,25682,GC02,G,298427,2765223,1
15182,25683,GC03,G,298386,2765845,1
15183,25684,GC04,G,298440,2766423,1
15184,25685,GC05,G,299294,2765739,1
15185,25686,GC06,G,299766,2766165,1
15186,25687,GC07,G,299164,2766350,1
15187,26077,3007,L,295244,2764834,5
15188,26078,3008,L,294269,2762382,1
15189,26079,3009,L,292591,2761594,1
15190,25887,503,G,295176,2763184,1
15191,25888,70442,G,294162,2762846,1
15192,25910,GB01,G,296072,2763809,1
15193,25911,GB02,G,295308,2763973,1
15194,25912,GB03,G,294905,2763647,1
15195,25913,GB04,G,294440,2764523,1
15196,25914,GB05,G,294222,2763661,1
15197,25915,GB06,G,293985,2763189,4
15198,25916,GB07,G,293209,2762512,1
15199,26591,2092,L,311920,2790079,1
15200,26592,2093,L,310845,2789873,1
15201,26593,2094,L,309880,2787917,1
15202,26594,2095,L,309697,2786953,1
15203,26595,2096,L,308663,2785874,1
15204,27128,5007,L,313622,2771980,1
15205,27129,5008,L,314581,2772196,1
15206,27130,5009,L,316733,2773211,1
15207,27131,5010,L,318483,2773494,1
15208,26993,GA01,G,315623,2774339,5
15209,26994,GA02,G,315528,2773387,1
15210,26995,GA03,G,316025,2772694,1
15211,26996,GA04,G,315814,2772292,1
15212,26997,GA05,G,315097,2773489,6
15213,26998,GA06,G,314968,2774326,5
15214,26999,GA07,G,314799,2773306,5
15215,27000,GA08,G,314731,2772739,1
15216,27001,GA09,G,314742,2772261,4
15217,27002,GA10,G,314312,2773964,1
15218,27065,GA11,G,314293,2773247,6
15219,27066,GA12,G,313737,2772934,1
15220,27005,GA13,G,313848,2772256,1
15221,27006,GA14,G,313522,2772590,1
15222,27007,GA15,G,313421,2772136,1
15223,27008,GA16,G,313307,2771326,1
15224,27010,GA18,G,312420,2771576,1
15225,27011,GA19,G,312897,2770593,1
15226,27012,GA20,G,315850,2773991,1
15285,23520,FP10,F,294854,2771859,5
15286,23613,FP47,F,288821,2774527,1
15287,23614,FP49,F,284373,2779741,1
15288,23732,FP06,F,291022,2777801,5
15289,23733,FP09,F,296685,2773839,1
15290,23860,FP44,F,297327,2775523,1
15291,24571,FP14,F,317271,2769478,1
15292,24572,FP17,F,318042,2769332,5
15293,24573,FP27,F,316150,2763050,1
15294,24707,FP25,F,328619,2762564,52
15295,24708,FP26,F,323436,2762377,1
15296,24815,FP33,F,305194,2753047,1
15297,24824,GA01,G,305526,2751319,1
15298,24825,GA02,G,306001,2750636,1
15299,24826,GA03,G,306187,2750439,1
15300,24827,GA04,G,307294,2749721,1
15301,24828,GA05,G,307703,2749335,1
15302,24829,GA06,G,307791,2749251,1
15303,24830,GA07,G,308225,2749293,1
15304,24831,GA08,G,309297,2749252,1
15305,24832,GA09,G,309497,2748871,1
15306,24833,GA10,G,305403,2750646,1
15307,24834,GA11,G,305849,2750492,1
15308,24835,GA12,G,304982,2750210,1
15309,24836,GA13,G,305333,2749971,1
15310,24837,GA14,G,306244,2750046,1
15311,24838,GA15,G,305525,2749992,1
15312,24839,GA16,G,305746,2749316,1
15313,24840,GA17,G,305893,2748832,1
15314,24841,GA18,G,305089,2748881,1
15315,24842,GA19,G,304866,2748859,1
15316,24843,GA22,G,306374,2748047,1
15317,24844,GA23,G,306473,2748194,1
15318,24845,GA24,G,306088,2748628,1
15319,24846,GA25,G,307190,2748846,1
15320,24847,GA26,G,307323,2748786,1
15321,24848,GA27,G,307197,2749180,1
15322,24849,GA28,G,307524,2749269,1
15323,24850,GA29,G,304433,2750361,1
15324,24851,GA30,G,304723,2750183,1
15325,24852,GA31,G,305393,2751544,1
15326,24853,GA32,G,304984,2752092,1
15327,24854,GA33,G,305015,2750045,1
15328,24855,GA34,G,304880,2749857,1
15329,24856,GA35,G,305313,2749771,1
15330,24857,GA36,G,309154,2749465,1
15331,24858,GA37,G,308915,2749413,1
15332,24980,90414,G,294491,2764980,1
15333,24921,FP18,F,295047,2768064,5
15334,30544,FP43,G,296114,2765473,1
15335,24923,FP48,F,294527,2766284,5
15336,24951,GC01,G,294487,2765273,1
15337,24982,GC02,G,296444,2764975,1
15338,24983,GD04,G,298134,2767131,1
15339,25060,FP36,F,294359,2750623,1
15340,25058,FP30,F,286755,2755531,1
15341,25059,FP31,F,296257,2754481,1
15342,25512,70445,G,291448,2763686,6
15343,25513,70448,G,291462,2763818,4
15344,25514,70449,G,291665,2763935,4
15345,25515,71053,G,291346,2767647,1
15346,25516,79101,G,292123,2765256,1
15347,25517,90412,G,291318,2764883,1
15348,25511,90416,G,291927,2765098,1
15349,25518,90417,G,291589,2765378,1
15350,25519,91020,G,290647,2767425,1
15351,25486,FP28,F,288685,2761348,5
15352,25487,FP29,F,291266,2761421,52
15353,25524,GC01,G,290472,2767282,1
15354,25525,GC02,G,291201,2767033,1
15355,25526,GC03,G,291078,2766161,1
15356,25527,GC04,G,291054,2765178,1
15357,25528,GC05,G,291301,2764680,1
15358,25529,GC06,G,291149,2764232,1
15359,25499,GC07,G,292174,2764595,1
15360,25530,GC08,G,291600,2763999,1
15361,25688,GC03,G,297344,2765774,1
15362,25689,GC06,G,298249,2765239,1
15363,25694,GD01,G,299095,2766721,1
15364,25695,GD02,G,299430,2766927,1
15365,25665,GD03,G,298754,2767490,1
15366,25696,GD05,G,297701,2766545,1
15367,25697,GD06,G,298597,2766945,1
15368,25919,79018,G,295003,2764364,1
15369,25921,99019,G,296964,2763813,1
15370,25885,GC04,G,296939,2764281,1
15371,25920,GC05,G,297617,2764776,1
15372,25886,GC08,G,297206,2763902,1
15373,25938,GC09,G,296926,2763574,1
15374,25939,GC10,G,297455,2763334,1
15375,25940,GC11,G,297275,2763290,1
15376,25941,GC12,G,296384,2762767,1
15377,25942,GC13,G,294896,2762343,1
15378,25943,TB31,G,295582,2763761,1
15379,26145,FP07,F,329293,2778118,1
15380,26152,GA18,G,328939,2778731,1
15381,26153,GA19,G,329293,2778118,1
15382,26154,GA20,G,329198,2776800,1
15383,26155,GA21,G,328301,2777117,1
15384,26156,GA22,G,328274,2777890,1
15385,26157,GA23,G,328155,2779163,1
15386,26158,GA24,G,327491,2778559,1
15387,26159,GA25,G,327274,2776929,1
15388,26160,GA26,G,327259,2777298,1
15389,26163,GA29,G,325835,2778276,1
15390,26164,GB24,G,329593,2778475,1
15391,26246,FP19,F,322064,2768334,1
15392,26303,FP20,F,331235,2767686,1
15393,26400,FP15,F,341813,2768420,1
15394,26401,FP21,F,342649,2767846,51
15395,26402,FP50,F,348434,2767885,1
15396,26574,FP37,F,311243,2790967,1
15397,26776,FP02,F,299029,2784987,1
15398,26777,FP04,F,296905,2781507,1
15399,26778,FP32,F,292128,2785874,1
15400,26779,FP46,F,296365,2792034,5
15401,26961,CP02,F,315114,2778511,5
15402,26962,FP11,F,316880,2771781,1
15403,26963,FP13,F,314717,2770253,5
15404,27205,FP01,F,300851,2796356,1
15405,27206,FP23,F,304954,2794062,1
15406,27283,FP05,F,303433,2795917,1
15407,27284,FP16,F,305105,2796177,1
15408,27365,FP03,F,289048,2781552,1
15409,27366,FP12,F,290990,2781459,1
15410,27367,FP41,F,291087,2782585,5
15411,27368,FP42,F,287232,2780911,1
15412,27369,FP45,F,290875,2783447,1
15440,25343,GA01,G,285270,2760691,1
15441,25344,GA02,G,284734,2760466,1
15442,25345,GA03,G,284160,2760174,1
15443,25346,GA04,G,285073,2760018,1
15444,25532,GA05,G,285636,2760299,1
15445,25347,GA06,G,285753,2760958,1
15446,25133,GA07,G,285368,2759811,1
15447,25700,GD07,G,298373,2763699,1
15448,25701,GD08,G,298574,2764158,1
15449,25699,GD12,G,298574,2764470,1
15450,25947,GD01,G,295977,2762655,1
15451,25951,GD02,G,295971,2762396,1
15452,25954,GD03,G,296697,2762143,1
15453,25952,GD04,G,296749,2762666,1
15454,25893,GD05,G,297974,2763526,1
15455,25889,GD06,G,297486,2763676,1
15456,25917,GD09,G,298069,2764532,1
15457,25895,GD10,G,297941,2764296,1
15458,25918,GD11,G,298067,2764786,1
15459,25950,GD13,G,296815,2763126,1
15559,24290,GE75,G,298444,2759427,1
15560,24291,GE77,G,298084,2761002,4
15561,25146,GE70,G,292957,2759006,1
15562,25147,GE71,G,292174,2758917,5
15563,25349,AS06,G,284311,2760692,1
15564,25352,GB01,G,284664,2761036,1
15565,25353,GB02,G,284602,2761551,1
15566,25354,GB03,G,284188,2761283,1
15567,25355,GB04,G,284029,2760753,1
15568,25350,YA05,G,284153,2761193,1
15569,25704,GE03,G,298371,2763397,1
15570,25705,GE06,G,298836,2763029,1
15571,24289,GE09,G,298558,2762358,1
15572,25890,GE01,G,297639,2763661,1
15573,25937,GE02,G,297898,2762671,1
15574,25891,GE04,G,297733,2763223,1
15575,25892,GE05,G,298131,2762947,1
15576,25945,GE07,G,298224,2762573,1
15577,25944,GE08,G,298301,2762660,1
15578,25953,GE10,G,297860,2762344,1
15579,25936,GE11,G,297555,2762571,1
15580,25982,GE12,G,297197,2762998,1
15581,25983,GE13,G,296948,2762928,1
15582,25984,GE14,G,297126,2762544,1
15583,25985,GE15,G,297246,2762076,1
15584,25958,GE16,G,297515,2762177,1
15585,25959,GE17,G,297676,2761808,1
15586,26046,GE18,G,297605,2761337,1
15587,26047,GE19,G,297348,2761283,51
15588,25960,GE20,G,298375,2761814,1
15589,25986,GE21,G,296107,2763199,1
15590,25987,GE22,G,295586,2762861,1
15591,25988,GE23,G,294732,2762818,1
15592,25989,GE24,G,295642,2762735,1
15593,25990,GE25,G,295668,2762528,1
15594,25991,GE26,G,295716,2762248,1
15595,25992,GE27,G,296201,2761968,1
15596,25993,GE28,G,296183,2761709,1
15597,25994,GE29,G,296534,2761348,1
15598,25995,GE30,G,295749,2761662,1
15599,25996,GE31,G,295647,2761514,1
15600,25997,GE32,G,295428,2762178,1
15601,25998,GE33,G,295152,2761609,1
15602,25999,GE34,G,294958,2761376,1
15603,26000,GE36,G,295460,2761290,1
15604,26001,GE37,G,295885,2761027,1
15605,26002,GE38,G,295477,2761087,1
15606,26003,GE39,G,295257,2760763,1
15607,25924,GE40,G,295493,2760455,1
15608,25923,GE41,G,295864,2760514,1
15609,26004,GE42,G,295937,2760704,1
15610,25922,GE43,G,295959,2760537,1
15611,26049,GE44,G,296592,2760409,51
15612,26050,GE45,G,296455,2760242,1
15613,25925,GE46,G,296118,2760339,1
15614,25962,GE47,G,295785,2760032,1
15615,26020,GE48,G,295750,2759695,1
15616,26021,GE49,G,295553,2759931,1
15617,26005,GE50,G,295109,2760297,1
15618,26006,GE51,G,294692,2760557,1
15619,26007,GE52,G,294716,2760740,1
15620,26008,GE53,G,293997,2760718,1
15621,26009,GE54,G,293942,2760302,1
15622,26010,GE55,G,294049,2760007,1
15623,26039,GE56,G,294172,2759336,1
15624,26038,GE57,G,294340,2759770,1
15625,26035,GE58,G,295001,2759640,1
15626,26022,GE60,G,295092,2759346,1
15627,26036,GE61,G,294663,2758942,1
15628,26037,GE62,G,294414,2758892,1
15629,26040,GE63,G,293521,2759170,1
15630,26011,GE64,G,293505,2759767,1
15631,26012,GE65,G,293301,2760284,1
15632,26013,GE66,G,293563,2760777,1
15633,26014,GE67,G,292913,2760593,1
15634,26015,GE68,G,292507,2760395,1
15635,26016,GE69,G,293014,2759721,1
15636,26042,GE72,G,292115,2758973,1
15637,26045,GE73,G,291361,2759449,5
15638,26044,GE74,G,291372,2759489,5
15639,26048,GE76,G,297049,2760425,x
15640,26051,GE78,G,296255,2760927,1
15641,26017,GE79,G,294617,2762337,1
15642,25926,GE80,G,295405,2760242,1
15643,26018,GE81,G,294361,2760370,1
15644,26019,GE82,G,292647,2760554,1
15645,26041,GE83,G,292386,2759508,x
15646,23028,2025,G,313941,2793636,1
15695,23532,GD01,G,291957,2768166,3
15696,23533,GD02,G,292487,2767895,6
15697,24965,GA02,G,296532,2767431,51
15698,24981,GA03,G,296428,2766433,1
15699,24966,GA04,G,296281,2766783,4
15700,24967,GA05,G,295711,2766782,1
15701,24968,GA06,G,295325,2767431,1
15702,25501,99039,G,292177,2767547,1
15703,25537,GD03,G,292137,2767179,1
15704,25538,GD04,G,291381,2767741,1
15705,26434,GB18,G,342614,2774429,1
15706,26433,GB17,G,343287,2773781,1
15707,26432,GB16,G,343952,2772871,1
15708,26411,F148,G,343092,2774013,1
15709,26413,GA21,G,342698,2774302,1
15710,26414,GA22,G,343648,2773317,1
15711,26415,GA23,G,343578,2772727,1
15712,26416,GA27,G,343509,2772159,1
15713,26417,GB01,G,342126,2773423,1
15714,26418,GB02,G,341865,2773067,1
15715,26419,GB03,G,342351,2771499,1
15716,26420,GB04,G,342479,2773003,1
15717,26421,GB05,G,342710,2773644,1
15718,26422,GB06,G,341536,2772287,1
15719,26423,GB07,G,341902,2774257,1
15720,26424,GB08,G,341710,2771596,1
15721,26425,GB09,G,342981,2772742,1
15722,26426,GB10,G,342774,2772081,1
15723,26427,GB11,G,343326,2771020,1
15724,26428,GB12,G,343605,2771514,51
15725,26429,GB13,G,341979,2772610,1
15726,26430,GB14,G,341045,2771631,1
15727,26431,GB15,G,341348,2772719,1
15729,26804,GC02,G,294543,2786069,1
15730,26805,GC03,G,295027,2785767,1
15731,26806,GC07,G,294912,2785202,1
15732,26807,GC08,G,294651,2785521,1
15733,26808,GC10,G,295602,2784492,x
15734,26809,GC11,G,294945,2784527,1
15735,26810,GC12,G,295289,2784828,1
15736,26811,GC13,G,294385,2784862,1
15737,26812,GC14,G,294295,2785325,1
15780,23555,AR06,G,296351,2772509,1
15781,23556,GA09,G,296277,2772832,1
15782,23557,GA10,G,296357,2772752,1
15783,23535,GE01,G,292809,2767676,1
15784,24969,GE03,G,293172,2766880,1
15785,24336,GE05,G,300909,2762887,1
15786,24296,GE09,G,301357,2763259,1
15787,24298,GE15,G,302269,2764218,1
15788,25520,91032,G,292933,2766820,1
15789,23536,GE02,G,292775,2767240,1
15790,24970,GE04,G,293420,2765932,1
15791,24292,GE01,G,300214,2762772,1
15792,24293,GE02,G,300666,2762530,1
15793,25710,GE03,G,299987,2763438,1
15794,24294,GE04,G,300564,2763011,1
15795,25711,GE06,G,299917,2764100,1
15796,25712,GE07,G,300451,2763782,1
15797,24295,GE08,G,301067,2763574,1
15798,25713,GE10,G,299638,2764934,1
15799,25676,GE11,G,301595,2764657,1
15800,24297,GE12,G,301100,2764365,1
15801,25674,GE13,G,301861,2764417,1
15802,25675,GE14,G,301821,2763760,1
15803,25714,GE16,G,299986,2765408,1
15804,25715,GE17,G,300268,2764532,1
15805,25716,GE18,G,301402,2765070,1
15806,25717,GE19,G,302087,2765041,1
15807,25718,GE20,G,299343,2764441,1
15808,25719,GE21,G,300302,2764195,1
15809,25720,GE22,G,300778,2764822,1
15810,25721,GE23,G,298991,2764746,1
15811,24299,GE24,G,300968,2764038,1
15812,25722,GE25,G,300708,2764414,1
15813,24300,GE26,G,300309,2763395,1
15814,24301,GE27,G,300768,2763206,1
15815,25723,GE28,G,299835,2764612,1
15816,24302,GE29,G,300112,2763029,1
15817,26813,GD01,G,293596,2786333,1
15818,26814,GD02,G,293964,2786208,1
15819,26815,GD03,G,294345,2786536,5
15820,26816,GD04,G,294772,2786602,4
15821,26817,GD05,G,293379,2785984,1
15822,26818,GD06,G,294253,2785795,1
15823,26819,GD07,G,293794,2785480,1
15824,26820,GD08,G,293484,2785239,1
15825,26821,GD09,G,293976,2784956,1
15826,26822,GD10,G,295357,2784138,1
15827,23187,GB01,G,318058,2774761,1
15828,27013,GB02,G,316130,2773829,1
15829,27014,GB03,G,316880,2774758,1
15830,27015,GB05,G,318038,2774116,1
15831,27016,GB06,G,317392,2774484,1
15832,27017,GB07,G,318787,2773888,1
15833,27018,GB08,G,317091,2774243,1
15834,27019,GB09,G,317529,2774911,1
15835,27020,GB11,G,316653,2773918,1
15836,27021,GB12,G,317201,2773889,1
15837,27022,GB13,G,317420,2773376,1
15838,23190,GB14,G,318282,2775323,5
15839,27023,GB15,G,318295,2774221,1
15840,23191,GB16,G,318572,2775069,1
15873,24972,GF02,G,293490,2766638,1
15874,23627,GA01,G,288359,2774247,1
15875,23628,GA02,G,289228,2774333,1
15876,24076,GA04,G,289967,2774315,1
15877,23765,GA05,G,289906,2775072,1
15878,23630,GA06,G,289314,2774753,1
15879,23631,GA07,G,289154,2775210,1
15880,24984,GF01,G,297611,2766905,1
15881,24985,GF03,G,297388,2766565,1
15882,24986,GF06,G,296858,2766185,1
15883,24987,GF08,G,296715,2765336,1
15884,24988,GF09,G,297034,2765079,1
15885,23537,GF01,G,292727,2766323,1
15886,25731,GF02,G,298183,2766886,1
15887,25732,GF04,G,297827,2766187,1
15888,25733,GF05,G,297344,2766088,1
15889,25734,GF07,G,297746,2765586,1
15890,25735,GF10,G,297411,2765329,1
15891,25736,GF11,G,297608,2765142,1
16022,23632,9201,G,288112,2775714,1
16023,23629,GA03,G,289699,2773763,1
16024,23635,GB01,G,288166,2775226,1
16025,27410,GB02,G,288606,2775942,1
16026,27411,GB03,G,289276,2775792,1
16028,23766,P024,G,290175,2774755,5
16030,24310,GB01,G,302751,2759957,1
16031,24311,GB02,G,302334,2759922,1
16032,24312,GB03,G,301838,2760363,1
16033,24313,GB04,G,302433,2760555,1
16034,24314,GB05,G,303342,2761501,1
16035,24315,GB06,G,303023,2761264,1
16036,24316,GB07,G,303488,2760927,1
16037,24317,GB08,G,302726,2759584,1
16038,24318,GB09,G,303372,2760086,1
16039,24319,GB10,G,303884,2761167,1
16040,24320,GB11,G,301419,2760104,1
16041,24321,GB12,G,301391,2760600,1
16042,24322,GB13,G,302653,2762348,1
16043,24323,GB14,G,302980,2762150,1
16044,24324,GB15,G,302718,2761852,1
16045,24325,GB16,G,300760,2760366,1
16046,24326,GB17,G,302497,2761119,1
16047,24327,GB18,G,302104,2761335,1
16048,24328,GB19,G,302742,2762945,1
16049,24329,GB20,G,303655,2762207,1
16050,24330,GB21,G,302829,2763339,1
16051,24331,GB22,G,303096,2763015,1
16052,24332,GB23,G,303040,2762620,1
16053,24333,GB24,G,304119,2761951,1
16054,24334,GB25,G,301522,2761164,1
16055,24335,GB26,G,302920,2760694,1
16056,24343,GG01,G,298986,2761949,1
16057,24344,GG02,G,298579,2761856,1
16058,24348,GG09,G,299485,2762227,1
16059,25365,GC01,G,283577,2760805,1
16060,25366,GC02,G,283220,2760928,1
16061,25368,GC04,G,283363,2761829,1
16062,25369,GC05,G,283664,2761857,1
16063,25370,GC06,G,284174,2762042,1
16064,25371,GC07,G,284441,2761622,5
16065,25372,GC08,G,283861,2762343,1
16066,25373,GC09,G,283908,2761550,1
16067,24345,GG03,G,299802,2762936,1
16068,24434,GG04,G,299276,2762445,1
16069,24347,GG05,G,298899,2762449,1
16070,25750,GG06,G,298882,2762769,1
16071,25751,GG07,G,299085,2763311,1
16072,25752,GG08,G,298674,2763232,1
16073,24349,GG11,G,299629,2762586,1
16074,25753,GG12,G,300127,2763715,1
16075,25754,GG13,G,298943,2763548,1
16076,25755,GG14,G,297904,2763901,1
16077,25756,GG15,G,298395,2763706,1
16078,25757,GG16,G,298859,2764023,1
16079,25758,GG17,G,298589,2764856,1
16080,25759,GG18,G,299643,2763299,1
16081,25760,GG19,G,298691,2765614,1
16082,25761,GG20,G,298905,2765180,1
16083,25762,GG21,G,299281,2763802,1
16084,25763,GG22,G,299562,2764158,1
16085,25764,GG23,G,298624,2764336,1
16086,25765,GG24,G,299697,2763765,1
16087,24350,GG25,G,299439,2763012,1
16088,24351,GG26,G,298402,2762079,1
16089,24352,GG28,G,300222,2762769,1
16090,25957,GG10,G,298131,2762287,1
16091,25894,GG27,G,297975,2763523,1
16092,27032,GC03,G,317531,2774905,1
16196,23550,GC03,G,296620,2773240,1
16197,23984,GC04,G,296682,2772557,1
16198,23989,GC09,G,296845,2771627,1
16199,23552,NO04,G,296066,2772988,1
16201,23768,GC01,G,293790,2774743,1
16202,23773,GC02,G,297125,2773574,1
16203,23769,GC02,G,294188,2774570,1
16204,23770,GC03,G,293744,2774334,5
16205,23771,GC04,G,293391,2773775,1
16206,23866,GC25,G,298074,2774923,1
16207,23865,GC28,G,297733,2774007,1
16208,24000,GC27,G,299892,2772384,1
16209,22697,GC26,G,299684,2771456,1
16210,24001,GC29,G,297881,2770783,1
16211,23978,GA09,G,299091,2771126,1
16212,23983,GC01,G,297515,2773460,1
16213,23985,GC05,G,297405,2772788,1
16214,23986,GC06,G,297658,2773043,1
16215,23987,GC07,G,298151,2772550,1
16216,23988,GC08,G,297584,2772177,1
16217,23990,GC10,G,297804,2771740,1
16218,23991,GC11,G,298326,2771930,1
16219,23992,GC12,G,298483,2772217,1
16220,23993,GC13,G,298568,2771463,1
16221,23994,GC14,G,298214,2771369,1
16222,23995,GC15,G,297752,2771419,1
16223,24974,GC16,G,297577,2771013,1
16224,23996,GC17,G,297104,2770942,1
16225,24975,GC18,G,297072,2770475,1
16226,23997,GC22,G,299430,2771177,1
16227,23998,GC23,G,299825,2771944,1
16228,23999,GC24,G,299152,2772198,1
16229,24002,GC30,G,297996,2773625,1
16230,24353,A15,G,305975,2758637,1
16231,24368,GC01,G,299260,2760508,1
16232,24376,GC02,G,299500,2759728,1
16233,24371,GC04,G,299806,2761968,1
16234,24383,GC05,G,299218,2759224,1
16235,24386,GC06,G,299320,2758975,1
16236,24377,GC07,G,299946,2759754,1
16237,24378,GC08,G,299484,2760108,1
16238,24379,GC09,G,299856,2760030,1
16239,24372,GC10,G,300152,2760218,1
16240,24389,GC11,G,300244,2759867,1
16241,24370,GC12,G,300322,2760607,1
16242,24395,GC13,G,301030,2760379,1
16243,24388,GC14,G,300766,2759065,1
16244,24390,GC15,G,301005,2759389,1
16245,24392,GC16,G,301028,2760034,1
16246,24396,GC17,G,301040,2760725,1
16247,24393,GC18,G,300444,2760194,1
16248,24384,GC19,G,300277,2759044,1
16249,24385,GC20,G,299924,2759497,1
16250,24380,GC21,G,298714,2760248,1
16251,24400,GC22,G,300557,2761075,1
16252,24381,GC23,G,298915,2759358,51
16253,24354,GC24,G,305695,2759060,1
16254,24360,GC25,G,305440,2758042,1
16255,24361,GC26,G,305161,2758545,1
16256,24355,GC27,G,306277,2758687,1
16257,24356,GC28,G,306593,2758708,1
16258,24367,GC29,G,306678,2758184,1
16259,24357,GC30,G,305455,2758568,1
16260,24358,GC31,G,305480,2758269,1
16261,24362,GC32,G,304945,2758253,1
16262,24363,GC33,G,305740,2758100,1
16263,24364,GC34,G,306209,2758053,1
16264,24359,GC35,G,305841,2758444,1
16265,24365,GC36,G,306111,2758274,1
16266,24366,GC37,G,306315,2758273,1
16267,24414,GD04,G,298545,2760776,1
16268,24369,GC03,G,299840,2760746,1
16272,24953,BANC,G,294627,2765590,1
16273,24976,GC19,G,297620,2770024,1
16274,24957,GC20,G,298308,2770256,1
16275,30586,GS13,G,295632,2768081,1
16276,25154,GD18,G,286184,2759252,1
16277,25542,GD01,G,286053,2760298,5
16278,25149,GD02,G,285663,2759865,1
16279,25393,GD03,G,283876,2759153,1
16280,25150,GD04,G,284100,2758706,1
16281,25151,GD05,G,284226,2759104,1
16282,25394,GD06,G,284354,2759433,1
16283,25152,GD07,G,285030,2759472,1
16284,25153,GD08,G,284921,2758948,1
16285,25395,GD09,G,283464,2762282,1
16286,25396,GD10,G,283628,2762935,5
16287,25397,GD11,G,283287,2762857,5
16288,25398,GD12,G,283816,2763193,1
16289,25399,GD13,G,284307,2762733,4
16290,25402,GD16,G,283943,2762372,1
16291,25403,GD17,G,283860,2760513,1
16292,32275,FIVE,G,328798,2773875,1
16294,23084,TSHI,G,313738,2794384,1
16297,26790,GS10,G,296533,2782045,1
16299,27041,GD01,G,316284,2772452,51
16300,27042,GD02,G,316497,2772987,1
16301,27043,GD03,G,316801,2772511,1
16302,27044,GD04,G,316841,2772935,1
16303,27045,GD05,G,317918,2772809,5
16304,27046,GD06,G,317515,2772483,1
16305,27047,GD07,G,318274,2773028,1
16306,27048,GD08,G,316911,2773485,1
16307,27049,GD09,G,317574,2774140,1
16308,27050,GD10,G,317797,2773607,1
16309,27051,GD11,G,317776,2773261,1
16310,27052,GD12,G,317656,2772893,1
16311,27053,GD13,G,319670,2773504,1
16312,27054,GD14,G,319161,2773235,1
16313,23207,GD15,G,320015,2773717,1
16314,27055,GD16,G,318405,2773883,1
16315,27056,GD17,G,319006,2773573,1
16316,27057,GD18,G,317166,2773115,1
16317,27058,GD19,G,319441,2773823,1
16318,27059,GD20,G,319681,2773319,1
16319,27060,GD21,G,316041,2772696,1
16320,27061,GD22,G,316164,2771951,1
16321,27062,GD23,G,320002,2773518,1
16323,31593,GS08,G,300537,2788437,1
16326,27384,90280,G,288305,2781269,1
16327,27390,GB03,G,290687,2783335,1
16328,27394,GB07,G,291183,2783114,5
16329,27388,GB01,G,291032,2783695,1
16330,27399,GB12,G,290977,2782814,5
16331,27400,GB13,G,291671,2782883,1
16332,27401,GB14,G,291366,2782733,5
16333,27402,GB15,G,290484,2782405,1
16334,27389,GB02,G,290107,2783482,1
16335,27409,GB22,G,290307,2781489,5
16336,27412,GB23,G,289667,2781284,5
16337,27391,GB04,G,289800,2783142,1
16338,27392,GB05,G,290511,2783248,1
16339,27393,GB06,G,291411,2783289,5
16340,27395,GB08,G,291973,2783067,4
16341,27396,GB09,G,289456,2782842,1
16342,27397,GB10,G,290120,2782815,1
16343,27398,GB11,G,290712,2782820,5
16344,27404,GB17,G,289300,2782116,1
16345,27408,GB21,G,289441,2781579,5
16346,27403,GB16,G,289583,2782438,1
16347,27406,GB19,G,290053,2781780,1
16348,27405,GB18,G,290378,2781990,1
16349,27407,GB20,G,289664,2781783,5
16444,23554,GC02,G,295384,2772591,1
16446,24084,GC05,G,293969,2773631,1
16447,23772,GC08,G,294066,2774169,5
16448,23752,GD01,G,293375,2775863,1
16449,23753,GD02,G,293710,2775747,5
16450,23754,GD03,G,294156,2775750,1
16451,23755,GD04,G,294542,2775513,4
16452,23756,GD05,G,294482,2774992,1
16453,23757,GD06,G,294105,2775191,5
16454,23955,GD05,G,298660,2774072,1
16455,23951,GD01,G,298741,2775146,1
16456,23952,GD02,G,299318,2774787,1
16457,23953,GD03,G,299677,2774311,1
16458,23954,GD04,G,299170,2774340,1
16459,23956,GD06,G,299442,2773871,1
16460,23957,GD07,G,298608,2774558,1
16461,23958,GD08,G,299119,2773385,1
16462,23959,GD09,G,299442,2773458,1
16463,23960,GD10,G,299509,2773098,1
16464,23961,GD11,G,299285,2772870,1
16465,23962,GD12,G,299939,2773839,1
16466,23553,GC01,G,295038,2772861,1
16467,24085,GC06,G,293684,2773135,1
16468,23543,GC07,G,294254,2772944,1
16469,24271,GE10,G,305103,2759932,1
16470,24411,GD01,G,298413,2761551,1
16471,24412,GD02,G,300063,2761341,1
16472,24413,GD03,G,299619,2760999,1
16473,24415,GD05,G,297412,2760427,51
16474,24416,GD06,G,298377,2759877,1
16475,24417,GD07,G,298838,2759608,1
16476,24418,GD08,G,297851,2759511,1
16477,24419,GD09,G,297444,2759226,1
16478,24420,GD10,G,296957,2759656,1
16479,24421,GD11,G,296551,2759355,1
16480,24422,GD12,G,297157,2758694,1
16481,24423,GD13,G,298708,2759016,1
16482,24424,GD14,G,299319,2758975,1
16483,24425,GD15,G,299219,2759224,1
16484,24426,GD16,G,297829,2758769,51
16485,24427,GD17,G,297903,2760085,4
16486,24428,GD18,G,299121,2761395,1
16487,24262,GE01,G,307270,2760748,1
16488,24263,GE02,G,307399,2760998,5
16489,24264,GE03,G,307031,2760887,1
16490,24265,GE04,G,306787,2760808,1
16491,24266,GE05,G,306379,2760828,1
16492,24267,GE06,G,306233,2760318,1
16493,24268,GE07,G,305877,2761217,1
16494,24269,GE08,G,305765,2760342,1
16495,24270,GE09,G,305605,2760729,1
16496,24272,GE11,G,304890,2760520,1
16497,24273,GE12,G,304572,2760694,1
16498,24274,GE13,G,305571,2761009,1
16499,24444,GE14,G,301302,2762921,1
16500,24445,GE15,G,301363,2762658,1
16501,24446,GE16,G,301270,2762078,1
16502,24447,GE17,G,301588,2761717,1
16503,24448,GE18,G,300783,2761783,1
16504,24449,GE19,G,300368,2762407,1
16505,24977,GB07,G,295609,2766257,1
16506,24954,GB01,G,295699,2765487,1
16507,24955,GB02,G,296318,2765912,1
16508,24956,GB03,G,296035,2766172,1
16509,24962,GB04,G,295541,2765186,1
16510,24963,GB05,G,295754,2765827,1
16511,24964,GB06,G,294497,2764984,1
16512,24978,NO03,G,295396,2765640,1
16513,24979,TA07,G,295012,2765137,1
16514,25547,GG01,G,290178,2767329,1
16515,25548,GG02,G,290536,2767274,1
16516,25549,GG03,G,291179,2767308,1
16517,25550,GG04,G,291305,2767612,1
16518,25553,GG07,G,290810,2767645,1
16519,26032,GF10,G,295672,2763629,1
16520,26031,GF09,G,295506,2764043,1
16521,26029,GF07,G,296331,2763222,5
16522,25856,GF01,G,295907,2763854,1
16523,26024,GF02,G,296336,2763541,1
16524,26025,GF03,G,295216,2763635,5
16525,26026,GF04,G,295979,2763424,1
16526,26027,GF05,G,295435,2763412,1
16527,26028,GF06,G,294916,2763416,1
16528,26030,GF08,G,296309,2762946,1
16529,26033,TA08,G,295315,2764859,1
16530,27076,GE01,G,313941,2772320,1
16531,27077,GE02,G,314434,2774862,1
16532,27078,GE03,G,313943,2774184,1
16533,27079,GE04,G,313692,2774482,1
16534,27080,GE05,G,315677,2774147,1
16535,27081,GE06,G,313560,2773432,1
16536,27082,GE07,G,314303,2774278,1
16537,27083,GE08,G,314902,2774681,1
16538,27084,GE09,G,314844,2774387,1
16539,27085,GE10,G,313158,2774128,1
16540,27086,GE11,G,313541,2773874,1
16541,27089,GE14,G,312549,2773318,1
16542,27090,GE15,G,312984,2773014,1
16543,27091,GE16,G,312996,2772305,1
16544,26990,GF01,G,316606,2774347,1
16545,26991,GF02,G,316406,2774056,1
16546,26992,GF03,G,315419,2773835,1
16547,27094,GF04,G,315314,2773541,1
16548,27095,GF05,G,315825,2773426,1
16549,32828,FP35,G,294984,2782071,5
16723,22710,G178,G,297434,2774014,1
16724,22941,G184,G,295198,2777359,5
16725,22934,G099,G,295826,2778095,1
16726,23774,G114,G,295643,2779063,5
16727,22936,G171,G,295273,2777776,1
16728,22937,G172,G,295681,2777698,1
16729,22938,G173,G,295981,2777647,1
16730,22706,G174,G,296366,2773410,1
16731,22708,G176,G,297165,2774090,1
16732,22709,G177,G,296906,2774053,1
16733,22712,G180,G,296391,2774109,1
16734,22713,G181,G,296128,2774486,1
16735,22939,G182,G,294304,2777238,1
16736,22940,G183,G,294768,2777393,1
16737,22942,G185,G,295652,2777149,1
16738,22943,G186,G,296047,2777213,1
16739,22944,G188,G,294134,2776913,1
16740,22945,G189,G,294705,2777074,1
16741,22946,G190,G,294919,2776841,1
16742,22947,G191,G,294701,2776619,1
16743,22948,G192,G,294397,2776320,1
16744,22949,G193,G,295911,2776731,1
16745,22950,G194,G,295494,2776091,1
16746,22951,G195,G,295321,2775603,4
16747,22952,G196,G,295041,2775859,1
16748,23019,G197,G,294835,2775298,1
16749,23020,G198,G,294574,2774683,1
16750,22707,G175,G,297331,2774349,1
16751,22711,G179,G,296551,2774618,1
16752,22662,G187,G,298232,2774306,1
16753,22663,G220,G,298455,2773855,1
16754,30781,G226,G,303906,2763752,1
16755,30782,G227,G,302744,2763449,1
16756,30783,GP01,G,303112,2764105,1
16757,30784,GP06,G,303247,2763505,1
16758,22723,3013,G,287284,2757128,1
16759,25132,G049,G,290351,2751662,1
16760,25167,G074,G,286105,2749753,1
16761,25168,G075,G,286294,2748662,1
16762,25169,G076,G,286517,2748880,1
16763,25170,G077,G,287522,2749471,1
16764,25098,G015,G,293041,2752075,1
16765,22729,G204,G,290930,2759791,1
16766,25084,G001,G,292255,2753030,1
16767,25085,G002,G,294202,2750772,1
16768,25086,G003,G,292951,2749444,1
16769,25087,G004,G,294295,2752198,1
16770,25088,G005,G,294609,2752235,1
16771,25089,G006,G,294194,2751596,1
16772,25090,G007,G,293393,2751546,1
16773,25091,G008,G,291103,2751553,1
16774,25092,G009,G,291573,2752355,1
16775,25093,G010,G,291436,2752098,1
16776,25094,G011,G,291793,2751827,1
16777,25095,G012,G,293384,2752909,1
16778,25096,G013,G,293857,2752298,1
16779,25097,G014,G,293547,2752066,1
16780,25099,G016,G,292905,2752974,1
16781,25100,G017,G,292652,2753069,1
16782,25101,G018,G,291962,2751508,1
16783,25102,G019,G,292356,2751416,1
16784,25103,G020,G,292553,2751282,1
16785,25104,G021,G,290880,2752244,1
16786,25105,G022,G,291537,2752602,1
16787,25106,G023,G,292058,2752722,1
16788,25107,G024,G,292196,2752416,1
16789,25108,G025,G,292121,2752084,1
16790,25109,G026,G,292500,2751934,1
16791,25110,G027,G,291505,2751540,1
16792,25111,G028,G,291553,2751265,1
16793,25112,G029,G,293428,2750688,1
16794,25113,G030,G,293863,2750883,1
16795,25114,G031,G,290695,2753593,1
16796,25115,G032,G,290075,2753217,1
16797,25116,G033,G,290650,2753177,1
16798,25117,G034,G,289691,2752889,1
16799,25118,G035,G,290172,2752841,1
16800,25119,G036,G,290492,2752889,1
16801,25120,G037,G,289581,2752532,1
16802,25121,G038,G,289362,2752031,1
16803,25122,G039,G,289915,2752253,1
16804,25123,G040,G,290371,2752072,1
16805,25124,G041,G,288455,2752191,1
16806,25125,G042,G,288948,2751561,1
16807,25126,G043,G,288666,2751004,1
16808,25127,G044,G,289045,2750896,1
16809,25128,G045,G,289398,2751471,1
16810,25129,G046,G,289712,2751253,1
16811,25130,G047,G,289601,2750850,1
16812,25131,G048,G,289897,2751679,1
16813,25134,G050,G,290705,2750850,1
16814,25135,G051,G,290322,2750334,1
16815,25136,G052,G,290588,2750134,1
16816,25137,G053,G,290032,2749781,1
16817,25138,G054,G,289588,2749525,1
16818,25139,G055,G,289760,2749244,1
16819,25140,G056,G,289705,2748914,1
16820,25141,G057,G,290460,2749307,1
16821,25142,G058,G,288973,2749530,1
16822,25143,G059,G,291804,2750689,1
16823,25144,G060,G,291337,2750328,1
16824,25145,G061,G,290920,2749884,1
16825,25155,G062,G,287652,2751300,1
16826,25156,G063,G,286953,2750708,1
16827,25157,G064,G,286317,2750110,1
16828,25158,G065,G,286102,2750738,1
16829,25159,G066,G,287983,2751768,1
16830,25160,G067,G,285756,2751165,1
16831,25161,G068,G,287509,2751836,1
16832,25162,G069,G,288312,2751268,1
16833,25163,G070,G,287046,2750348,1
16834,25164,G071,G,286496,2749785,1
16835,25165,G072,G,286357,2749349,1
16836,25166,G073,G,287760,2749770,1
16837,25171,G078,G,287579,2749119,1
16838,25172,G079,G,288579,2749079,1
16839,25173,G080,G,286738,2748300,1
16840,25174,G081,G,287336,2747883,1
16841,25175,G082,G,288574,2749565,1
16842,25176,G083,G,285893,2750264,1
16843,25177,G084,G,287151,2748476,1
16844,25178,G085,G,285885,2748976,1
16845,25179,G086,G,286336,2751164,1
16846,25180,G089,G,293095,2752647,1
16847,25181,G090,G,286884,2751231,1
16848,22724,G199,G,288964,2758965,1
16849,22725,G200,G,289271,2759036,1
16850,22726,G201,G,288554,2758375,51
16851,22727,G202,G,287199,2756755,1
16852,22728,G203,G,289945,2759210,1
16853,22730,G205,G,290303,2759442,1
16854,22731,G206,G,289575,2759644,1
16855,22732,G207,G,287567,2758134,1
16856,22733,G208,G,287498,2758521,1
16857,22734,G209,G,290494,2758638,1
16858,22735,G210,G,289933,2757996,1
16859,22736,G211,G,287698,2757680,1
16860,22737,G212,G,287267,2757810,1
16861,22738,G213,G,287991,2757889,1
16862,22739,G214,G,289162,2758525,1
16863,22740,G215,G,288631,2757518,1
16864,22741,G216,G,288064,2758495,1
16865,22742,G217,G,286912,2756282,1
16866,22743,G218,G,287754,2758843,1
16867,22744,G219,G,288357,2758965,1
16868,22672,G221,G,291986,2764326,1
16869,22673,G222,G,292126,2765250,1
16870,22674,G223,G,291472,2763909,1
16871,22675,G224,G,291900,2764071,1
16872,22676,G225,G,292648,2765005,1
16873,23034,G119,G,313902,2793234,1
16874,23076,G162,G,312687,2794278,1
16875,23059,G144,G,313260,2792367,1
16876,23042,G127,G,314356,2791365,1
16877,23031,G116,G,312752,2796069,1
16878,23032,G117,G,313408,2795314,1
16879,23033,G118,G,313771,2794621,1
16880,23035,G120,G,313930,2792756,1
16881,23036,G121,G,313857,2791854,1
16882,23037,G122,G,314670,2791758,1
16883,23038,G123,G,314220,2792067,1
16884,23039,G124,G,315195,2791711,1
16885,23040,G125,G,312479,2796352,1
16886,23041,G126,G,314653,2790886,1
16887,23043,G128,G,313951,2791404,1
16888,23044,G129,G,313461,2791573,1
16889,23045,G130,G,313791,2790868,1
16890,23046,G131,G,313432,2791114,1
16891,23047,G132,G,313085,2791434,1
16892,23048,G133,G,313281,2790409,1
16893,23049,G134,G,313033,2790741,1
16894,23050,G135,G,312374,2790798,1
16895,23051,G136,G,312433,2791110,1
16896,23052,G137,G,312484,2791471,1
16897,23053,G138,G,312251,2791821,1
16898,23054,G139,G,311838,2792131,1
16899,23055,G140,G,312973,2791910,1
16900,23056,G141,G,311977,2792701,1
16901,23057,G142,G,311921,2793063,1
16902,23058,G143,G,312361,2793119,1
16903,23060,G145,G,313310,2792727,1
16904,23061,G146,G,312941,2792781,1
16905,23062,G147,G,312655,2793663,1
16906,23063,G148,G,313015,2793554,1
16907,23064,G149,G,312140,2793975,1
16908,23065,G150,G,311395,2793724,1
16909,23066,G151,G,311116,2793945,1
16910,23074,G160,G,312919,2795491,1
16911,23075,G161,G,312944,2795166,1
16912,23077,G163,G,313012,2794369,1
16913,23078,G164,G,313217,2794734,1
16914,23079,G165,G,312530,2790248,1
16915,23080,G166,G,312290,2790490,1
16916,23081,G167,G,311970,2791489,1
16917,23082,G168,G,311822,2790848,1
16918,23083,G169,G,311357,2792150,1
16919,26789,G091,G,296341,2782828,1
16920,27100,GF06,G,312820,2771308,1
16921,27103,GF09,G,312635,2771000,1
16922,27105,GF11,G,313953,2770630,1
16923,27106,GF12,G,314364,2770263,5
16924,27107,GF13,G,313544,2770407,1
16925,27110,GF16,G,313824,2770276,5
16926,27111,GF17,G,314366,2770715,1
16927,27112,GF18,G,313946,2771338,1
16928,27113,GF19,G,313633,2770888,1
16929,27114,GF20,G,314059,2770341,1
16930,27115,NO075,G,313063,2770107,1
16931,23067,G152,G,311839,2794416,1
16932,23068,G153,G,311616,2794621,1
16933,23069,G154,G,312243,2794554,1
16934,23070,G155,G,312133,2794887,1
16935,23071,G156,G,311388,2796203,1
16936,23072,G157,G,311496,2796741,1
16937,23073,G158,G,311185,2795875,1
16938,27425,G105,G,292961,2783282,1
16939,27430,G110,G,294811,2781034,1
16940,27413,G092,G,293917,2783469,1
16941,27414,G093,G,291997,2784564,1
16942,27415,G094,G,292375,2781690,1
16943,27416,G095,G,293510,2781284,1
16944,27417,G096,G,294147,2780320,1
16945,27418,G097,G,293623,2780641,5
16946,27419,G098,G,294473,2779640,1
16947,27420,G100,G,290357,2783037,1
16948,27421,G101,G,291644,2783610,1
16949,27422,G102,G,289951,2782286,1
16950,27423,G103,G,292198,2783508,5
16951,27424,G104,G,293501,2783016,5
16952,27426,G106,G,293826,2782504,1
16953,27427,G107,G,294324,2782346,1
16954,27428,G108,G,294252,2781865,1
16955,27431,G111,G,292475,2782608,1
16956,27432,G112,G,295466,2780718,1
16957,27433,G113,G,295241,2779542,1
16958,27434,G115,G,294955,2782149,1
16959,22935,G170,G,296097,2778886,1
16960,27429,G109,G,292741,2783938,1
16965,30286,1005,G,294618,2772173,1
16966,30288,G334,G,294689,2770880,1
16967,30289,G335,G,294857,2770547,1
16968,30294,G361,G,294711,2770415,1
16969,30572,G460,G,295762,2769569,1
16970,30573,G461,G,295099,2768922,1
16971,30336,G374,G,287470,2779675,1
16972,30337,G375,G,287809,2779293,1
16973,30339,G377,G,288192,2778660,1
16974,30372,G410,G,290838,2776832,1
16975,30373,G411,G,290436,2776148,1
16976,30374,G412,G,291394,2775827,1
16977,30377,G415,G,290526,2774552,1
16978,30378,G416,G,289034,2776489,1
16979,30379,G417,G,289890,2776767,1
16980,30380,G418,G,290005,2776056,1
16981,30326,G419,G,286048,2780459,1
16982,30335,G373,G,286960,2780468,1
16983,30327,G365,G,286419,2780705,1
16984,30364,G402,G,292216,2780186,1
16985,30366,G404,G,292317,2779453,1
16986,30368,G406,G,290849,2778453,1
16987,30369,G407,G,291952,2778039,1
16988,30371,G409,G,290738,2777408,1
16989,30376,G414,G,291276,2775384,1
16990,28439,G325,G,299254,2776144,1
16991,28441,G327,G,299534,2775434,1
16992,28442,G328,G,300357,2775233,1
16993,28443,G329,G,300555,2774676,1
16994,28444,G330,G,300641,2773926,1
16995,28446,G332,G,300030,2774814,1
16996,30287,G333,G,294468,2771284,1
16997,30290,G336,G,294395,2770944,5
16998,30291,G337,G,294280,2771177,1
16999,30292,G338,G,293761,2770818,1
17000,30293,G339,G,293870,2770610,1
17001,28168,G228,G,302328,2759491,1
17002,28273,G229,G,302526,2759031,1
17003,28274,G230,G,301441,2758185,1
17004,28275,G231,G,301457,2757642,1
17005,28276,G232,G,303000,2757587,1
17006,28277,G233,G,302575,2757714,1
17007,28278,G234,G,303311,2757796,1
17008,28279,G235,G,303413,2758688,1
17009,28280,G236,G,302688,2759566,1
17010,28281,G237,G,304101,2760009,1
17011,28282,G238,G,304346,2760442,1
17012,28283,G239,G,304595,2759131,1
17013,28284,G240,G,303641,2760124,1
17014,28285,G241,G,304330,2758816,1
17015,28389,G242,G,305109,2759388,1
17016,28390,G243,G,304453,2757925,1
17017,28391,G244,G,303768,2759723,1
17018,28392,G245,G,303411,2759302,1
17019,28393,G246,G,303958,2759086,1
17020,28394,G247,G,302840,2759953,1
17021,28395,G275,G,304955,2758259,1
17022,28396,G276,G,305352,2758036,1
17023,28397,G277,G,305944,2757713,1
17024,28398,G278,G,306127,2757203,1
17025,28399,G279,G,304626,2757644,1
17026,28400,G280,G,305467,2757231,1
17027,28401,G281,G,304702,2757128,1
17028,28402,G282,G,304037,2756898,1
17029,28403,G283,G,305439,2756751,1
17030,28404,G284,G,305014,2756616,1
17031,28405,G285,G,304419,2756429,1
17032,28406,G286,G,303756,2756465,1
17033,28407,G287,G,303596,2756073,1
17034,28408,G288,G,303228,2755849,5
17035,28409,G289,G,302729,2755550,1
17036,28410,G290,G,303620,2755610,1
17037,28411,G291,G,303100,2754947,1
17038,28412,G292,G,304044,2756007,5
17039,28413,G293,G,304252,2755728,5
17040,28414,G294,G,303471,2754638,1
17041,28415,G295,G,304961,2756078,1
17042,28416,G296,G,305604,2755951,1
17043,28417,G297,G,306186,2755297,1
17044,28418,G298,G,305175,2755568,1
17045,28419,G299,G,304685,2754900,1
17046,28420,G300,G,304486,2754568,1
17047,23109,G320,G,293560,2763841,1
17048,30269,G301,G,295298,2768453,1
17049,30270,G302,G,295629,2768797,1
17050,30271,G303,G,295940,2769060,1
17051,30272,G304,G,296279,2769264,1
17052,30585,G305,G,296833,2764762,1
17053,30273,G307,G,297409,2768755,1
17054,30274,G308,G,297553,2769033,1
17055,30275,G309,G,297254,2769812,1
17056,30276,G310,G,297883,2769450,1
17057,30277,G311,G,298101,2770050,1
17058,30278,G312,G,298504,2770069,1
17059,30279,G313,G,298679,2769490,1
17060,30280,G314,G,298793,2769174,1
17061,30281,G315,G,298954,2768820,1
17062,23106,G317,G,292973,2764514,1
17063,23107,G318,G,293432,2764360,1
17064,30574,G462,G,295135,2768106,1
17065,30575,G463,G,295795,2768471,1
17066,30576,G464,G,296225,2768409,1
17067,30577,G465,G,294840,2767610,1
17068,30578,G466,G,295364,2767688,1
17069,30579,G467,G,296022,2767920,1
17070,30580,G468,G,296444,2767975,1
17071,30581,G469,G,295751,2767576,1
17072,30582,G470,G,296261,2767510,1
17073,30583,G471,G,296163,2767183,1
17074,30584,TA03,G,295253,2767085,1
17075,30005,G261,G,292950,2754358,1
17076,29997,G253,G,294321,2755370,1
17077,29992,G248,G,293958,2756151,1
17078,29993,G249,G,294374,2756007,1
17079,29994,G250,G,294892,2755705,1
17080,29995,G251,G,295638,2755786,1
17081,29996,G252,G,293825,2755517,1
17082,29998,G254,G,294839,2755337,1
17083,29999,G255,G,293160,2755132,1
17084,30000,G256,G,295249,2755094,1
17085,30001,G257,G,294796,2754914,1
17086,30002,G258,G,294770,2754619,1
17087,30003,G259,G,293338,2754704,1
17088,30004,G260,G,292669,2754645,1
17089,30006,G262,G,293856,2754305,1
17090,30007,G263,G,295371,2754392,1
17091,30008,G264,G,294562,2754286,1
17092,30009,G265,G,295638,2754266,1
17093,30010,G266,G,295106,2754211,1
17094,30011,G267,G,292841,2754100,1
17095,30012,G268,G,293556,2753940,1
17096,30013,G269,G,295542,2753935,1
17097,30014,G270,G,295805,2753756,1
17098,30015,G271,G,295382,2753646,1
17099,30016,G272,G,293198,2753419,1
17100,30017,G273,G,293556,2753426,1
17101,30018,G274,G,292619,2753325,1
17102,30171,G350,G,286450,2758936,1
17103,30172,G351,G,285184,2758262,1
17104,30178,G357,G,291325,2761387,1
17105,30180,G359,G,287805,2760138,1
17106,30184,G364,G,287966,2759613,1
17107,30187,NTPU,G,287552,2759593,1
17108,30181,G360,G,287651,2759750,1
17109,30183,G363,G,286636,2759148,1
17110,30182,G362,G,287063,2759093,1
17111,30168,G347,G,284685,2758663,1
17112,30175,G354,G,288422,2761840,1
17113,30176,G355,G,287166,2761012,1
17114,30177,G356,G,286027,2760278,1
17115,23105,G316,G,293325,2765402,1
17116,23108,G319,G,292873,2763851,1
17117,23110,G321,G,292770,2763113,1
17118,23111,G322,G,292619,2763620,1
17119,23112,G323,G,292162,2763897,1
17120,23113,G324,G,291804,2764813,1
17121,30161,G340,G,290681,2761466,1
17122,30162,G341,G,290980,2761069,1
17123,30163,G342,G,290067,2761072,1
17124,30164,G343,G,289323,2760908,1
17125,30165,G344,G,288763,2761010,1
17126,30166,G345,G,287375,2760424,1
17127,30167,G346,G,286712,2759875,1
17128,30169,G348,G,289934,2760354,1
17129,30170,G349,G,288571,2760215,1
17130,30173,G352,G,290429,2762555,1
17131,30174,G353,G,289811,2761735,1
17132,30179,G358,G,289796,2762451,1
17133,30185,GA07,G,291712,2762611,1
17134,30188,GS69,G,288184,2762283,1
17135,30492,G481,G,323480,2768497,1
17136,30523,G512,G,329143,2771615,1
17137,30483,G472,G,327945,2771822,1
17138,30484,G473,G,321191,2767990,1
17139,30485,G474,G,321512,2768047,1
17140,30486,G475,G,321833,2768378,1
17141,30487,G476,G,322383,2768448,1
17142,30488,G477,G,322855,2768203,1
17143,30489,G478,G,322499,2768061,1
17144,30490,G479,G,322689,2768760,1
17145,30491,G480,G,323204,2768660,1
17146,30493,G482,G,323731,2768896,1
17147,30494,G483,G,324494,2768920,1
17148,30495,G484,G,324229,2769047,1
17149,30496,G485,G,324380,2769503,1
17150,30497,G486,G,324496,2769191,1
17151,30498,G487,G,324818,2769245,1
17152,30499,G488,G,325532,2769413,1
17153,30500,G489,G,324401,2768606,1
17154,30501,G490,G,324504,2768091,1
17155,30502,G491,G,325611,2768631,1
17156,30503,G492,G,325658,2768882,1
17157,30504,G493,G,324795,2768717,1
17158,30505,G494,G,325411,2769626,1
17159,30506,G495,G,325420,2770014,1
17160,30507,G496,G,325110,2770780,1
17161,30508,G497,G,326368,2769266,1
17162,30509,G498,G,327041,2769776,1
17163,30510,G499,G,327582,2769754,1
17164,30511,G500,G,328023,2770141,1
17165,30512,G501,G,328367,2770518,1
17166,30513,G502,G,328731,2770275,1
17167,30514,G503,G,328786,2770687,1
17168,30515,G504,G,328972,2770881,1
17169,30517,G506,G,329810,2771192,1
17170,30518,G507,G,330086,2771460,1
17171,30519,G508,G,329169,2771155,1
17172,30520,G509,G,328584,2770829,1
17173,30521,G510,G,328693,2771354,1
17174,30522,G511,G,328968,2771390,1
17175,30524,G513,G,329626,2771630,1
17176,30525,G514,G,328149,2770685,1
17177,30526,G515,G,328031,2770456,1
17178,30527,G516,G,328243,2771118,1
17179,30528,G517,G,328425,2771356,1
17180,30529,G518,G,327489,2771608,1
17181,30530,G519,G,326572,2771100,1
17182,30531,G520,G,326769,2770930,1
17183,30532,G521,G,327342,2769925,1
17184,30533,G522,G,327785,2770358,1
17185,30516,G505,G,329447,2770987,1
17186,30328,G366,G,286811,2781589,1
17187,30329,G367,G,286973,2781240,1
17188,30330,G368,G,287563,2781273,1
17189,30331,G369,G,288462,2781742,1
17190,30332,G370,G,287391,2780578,1
17191,30333,G371,G,288697,2780874,1
17192,30334,G372,G,288070,2780539,1
17193,30338,G376,G,288256,2779371,1
17194,30340,G378,G,289757,2781421,1
17195,30341,G379,G,289602,2781134,1
17196,30342,G380,G,289532,2780669,1
17197,30343,G381,G,289034,2780325,1
17198,30344,G382,G,288465,2779954,1
17199,30345,G383,G,288599,2779681,1
17200,30346,G384,G,289984,2780432,1
17201,30347,G385,G,289679,2779787,1
17202,30348,G386,G,289418,2779573,1
17203,30349,G387,G,288991,2779338,1
17204,30350,G388,G,289479,2779013,1
17205,30351,G389,G,289257,2777745,1
17206,30352,G390,G,289533,2778286,1
17207,30353,G391,G,290425,2779726,1
17208,30354,G392,G,289938,2778771,1
17209,30355,G393,G,290325,2778564,1
17210,30356,G394,G,290071,2778230,1
17211,30357,G395,G,289927,2777539,1
17212,30358,G396,G,290400,2781252,1
17213,30359,G397,G,290259,2780909,1
17214,30360,G398,G,291344,2780739,1
17215,30361,G399,G,291249,2779978,1
17216,30362,G400,G,290670,2780403,1
17217,30363,G401,G,291984,2781166,1
17218,30365,G403,G,291758,2779469,1
17219,30367,G405,G,291149,2779320,5
17220,30370,G408,G,290486,2777986,1
17221,30375,G413,G,290243,2775369,1
17222,30381,WUKU,G,290404,2778828,1
17223,30736,G421,G,294677,2772033,1
17224,30745,G430,G,293509,2770184,1
17225,30746,G431,G,294666,2770123,1
17226,30747,G432,G,293773,2770030,1
17227,30749,G434,G,294010,2769861,1
17228,30751,G436,G,294735,2769667,1
17229,30752,G437,G,294386,2769557,1
17230,30753,G438,G,293795,2769452,1
17231,30754,G439,G,293253,2769266,1
17232,30755,G440,G,294721,2769132,1
17233,30756,G441,G,292819,2769117,1
17234,30757,G442,G,293880,2768927,1
17235,30758,G443,G,295000,2768930,1
17236,30759,G444,G,294401,2768771,1
17237,30760,G445,G,294794,2768693,1
17238,30761,G446,G,293910,2768517,1
17239,30763,G448,G,294297,2767704,1
17240,30764,G449,G,293669,2767617,1
17241,30765,G450,G,294155,2767297,1
17242,30766,G451,G,293661,2767178,1
17243,30767,G452,G,294055,2766840,1
17244,30768,G453,G,293705,2766488,1
17245,30769,G454,G,294030,2766448,1
17246,30750,G435,G,293118,2769684,1
17247,30762,G447,G,294550,2768315,1
17248,30735,G420,G,294339,2772371,1
17249,30737,G422,G,294071,2772008,1
17250,30738,G423,G,294279,2771603,1
17251,30739,G424,G,293539,2771492,1
17252,30740,G425,G,293154,2771347,1
17253,30742,G427,G,293016,2770926,1
17254,30743,G428,G,293435,2770713,1
17255,30744,G429,G,292869,2770246,1
17256,30748,G433,G,292681,2769930,1
17257,30741,G426,G,293543,2771134,1
17275,25363,GB14,G,283579,2761260,1
17276,25383,GB14,G,283579,2761260,1
17311,30873,G458,G,299439,2795069,1
17312,30874,G459,G,299140,2794429,1
17314,30876,G543,G,300109,2794439,1
17315,30877,G544,G,300039,2793888,1
17317,30879,G545,G,300668,2793598,1
17318,30880,G546,G,300787,2793311,1
17319,30881,G547,G,300627,2792799,1
17321,30883,G548,G,301488,2791685,1
17323,30885,G549,G,301830,2791129,1
17324,30886,G306,G,283665,2763874,1
17325,30887,G550,G,301405,2792921,1
17327,30889,G455,G,284357,2763360,1
17328,30890,G456,G,284151,2763050,1
17329,30891,G551,G,301353,2792314,1
17331,30893,G457,G,284495,2763016,1
17332,30894,G541,G,283414,2762884,1
17333,30895,G542,G,283878,2762754,1
17334,30896,G552,G,301680,2792144,1
17335,30897,G553,G,302280,2791048,1
17336,30898,G586,G,284525,2762701,1
17337,30899,G554,G,302344,2791735,1
17339,30901,G555,G,302682,2791456,1
17340,30902,G587,G,285135,2762890,1
17341,30903,G588,G,285642,2762575,1
17342,30904,G556,G,303361,2791184,1
17343,30905,G589,G,286364,2762686,1
17344,30906,G557,G,300072,2795248,1
17345,30907,G558,G,300842,2795127,1
17346,30908,G559,G,300813,2794793,1
17347,30909,G560,G,300974,2794520,1
17348,30910,G561,G,301786,2793653,1
17349,30911,G562,G,301100,2793570,1
17350,30912,G563,G,301424,2793292,1
17352,30914,G564,G,301842,2793298,1
17353,30915,G565,G,302214,2793364,1
17354,30916,G566,G,302171,2793010,1
17355,30917,G567,G,302530,2792896,1
17356,30918,G568,G,302616,2792572,1
17357,30919,G569,G,302971,2792669,1
17358,30920,G570,G,302992,2792418,1
17359,30921,G571,G,302998,2792092,1
17360,30922,G572,G,303548,2791752,1
17361,30923,G573,G,301216,2795473,1
17362,30924,G574,G,301575,2794625,1
17363,30925,G575,G,301994,2794327,1
17364,30926,G576,G,302636,2793898,1
17365,30927,G577,G,301884,2795291,1
17366,30928,G578,G,302143,2794674,1
17367,30929,G579,G,302561,2794716,1
17368,30930,G580,G,302486,2794296,1
17370,30932,G581,G,302085,2793732,1
17371,30933,G582,G,303021,2793223,1
17372,30934,G583,G,303819,2793028,1
17373,30935,G584,G,303631,2792493,1
17374,30936,G585,G,303920,2790917,1
17376,30974,G523,G,333675,2777823,1
17377,30975,G524,G,333774,2777326,1
17378,30976,G525,G,334559,2777629,1
17379,30977,G526,G,334890,2777323,1
17380,30978,G527,G,335507,2778300,1
17381,30979,G528,G,333647,2776537,1
17382,30980,G529,G,334433,2777050,1
17383,30981,G530,G,334971,2776717,1
17384,30982,G531,G,334044,2776376,1
17385,30983,G532,G,333660,2776087,1
17386,30984,G533,G,334074,2775960,1
17387,30985,G534,G,334477,2776197,1
17388,30986,G535,G,332595,2775465,1
17389,30987,G536,G,333284,2775595,1
17390,30988,G537,G,333786,2775307,1
17391,30989,G538,G,332657,2774885,1
17392,30990,G539,G,333268,2774655,1
17393,30991,G540,G,334246,2774533,1
17394,30992,3679,G,332016,2775468,1
17395,30993,G590,G,284465,2762261,1
17396,30995,G591,G,284705,2762087,1
17397,30996,G592,G,285015,2762070,1
17398,30997,G593,G,285383,2762186,1
17399,30998,G594,G,285235,2761829,1
17400,30999,G595,G,283664,2761964,1
17401,31000,G596,G,284784,2761290,1
17402,31001,G597,G,285370,2761547,1
17403,31002,G598,G,285963,2761531,1
17404,31003,G599,G,286585,2761119,1
17405,31004,G600,G,286192,2760579,1
17406,31005,G601,G,284726,2760383,1
17407,31006,G602,G,284148,2759712,1
17408,31007,G603,G,283827,2763620,1
17409,31008,G604,G,282702,2759866,1
17410,31009,G605,G,282276,2759475,1
17411,31010,G606,G,281933,2759123,1
17412,31011,G607,G,281644,2758845,1
17413,31012,G608,G,283327,2759425,1
17414,31013,G609,G,282832,2759398,1
17415,31014,G610,G,282498,2759150,1
17416,31015,G611,G,283536,2758951,1
17417,31016,G612,G,283119,2758895,1
17418,31017,G613,G,282719,2758586,1
17419,31018,G614,G,283588,2758497,1
17420,31019,G615,G,283925,2758423,1
17421,31020,G616,G,284361,2758267,1
17422,31021,G617,G,283891,2758006,1
17423,31022,G618,G,283056,2758123,1
17426,31025,G619,G,282314,2757747,1
17427,31026,G620,G,285808,2762931,1
17428,31027,G621,G,282008,2758587,1
17429,31028,G622,G,284285,2757662,1
17430,31029,G623,G,283458,2757195,1
17431,31030,F088,F,332909,2779458,5
17434,31057,GF87,G,282160,2758101,1
17442,31332,G624,G,336099,2777165,1
17449,31339,G633,G,333180,2774226,1
17450,31340,G634,G,335395,2774166,1
17451,31341,G635,G,333142,2773774,1
17452,31342,G625,G,335493,2777043,1
17453,31343,G636,G,333951,2773828,1
17454,31344,G637,G,334172,2773413,1
17455,31345,G626,G,335834,2776602,1
17456,31346,G638,G,333063,2772770,1
17457,31347,G639,G,332795,2772574,1
17458,31348,G640,G,333308,2772432,1
17459,31349,G627,G,336878,2776736,1
17460,31350,G628,G,336748,2776299,1
17461,31351,G629,G,335306,2775356,1
17462,31352,G630,G,334940,2775078,1
17463,31353,G631,G,335871,2774590,1
17464,31354,G632,G,332878,2774433,1
17465,31355,G647,G,300129,2774259,1
17467,31364,G641,G,293846,2772661,1
17468,31365,G642,G,293488,2772425,1
17469,31366,G643,G,292675,2771531,1
17470,31367,G644,G,292267,2770550,1
17471,31368,G645,G,291939,2769826,1
17472,31369,G646,G,291675,2769249,1
17474,31532,G648,G,337916,2771650,1
17475,31533,G649,G,336998,2771213,1
17476,31534,G650,G,337688,2771345,1
17477,31535,G651,G,335545,2770799,1
17478,31536,G652,G,336064,2770804,1
17479,31537,G653,G,337011,2770766,1
17480,31538,G654,G,337756,2770832,1
17481,31539,G655,G,337575,2770493,1
17482,31540,G656,G,338624,2770512,1
17483,31541,G657,G,336768,2770290,1
17484,31542,G658,G,338001,2770225,1
17485,31543,G659,G,336017,2770049,1
17486,31544,G660,G,336888,2769775,1
17487,31545,G661,G,337924,2769562,1
17488,31546,G662,G,338463,2769587,1
17489,31547,G663,G,336593,2769558,1
17490,31548,G664,G,337304,2769094,1
17491,31549,G665,G,337895,2769076,1
17492,31550,G666,G,336796,2768483,1
17493,31555,4008,G,281301,2763824,1
17496,31795,G724,G,315227,2770195,1
17498,31856,G729,G,314425,2770192,1
17499,31857,G706,G,314345,2769330,1
17500,31858,G707,G,314931,2768859,1
17502,31860,G708,G,315245,2768561,1
17503,31861,G726,G,314939,2769945,1
17513,31868,G709,G,314815,2769327,1
17515,31870,G725,G,315000,2769625,1
17517,31872,G710,G,315123,2769340,1
17518,31873,G720,G,315889,2769360,1
17519,31874,G719,G,316198,2769301,1
17522,31877,G716,G,316779,2769518,1
17536,31885,G727,G,314659,2769730,1
17542,31891,G721,G,315601,2769639,1
17546,31895,G717,G,316534,2769880,1
17547,31896,G722,G,315884,2770225,1
17550,31932,G715,G,317085,2769082,1
17553,32001,G713,G,316537,2769102,1
17554,32002,G711,G,315278,2768929,1
17555,32003,G714,G,316545,2768677,1
17563,32072,G712,G,315837,2768958,1
17565,32074,G732,G,317750,2770009,1
17566,32076,G723,G,315526,2769972,1
17568,32078,G718,G,316314,2769655,1
17570,32080,G733,G,318034,2770448,1
17572,32082,G728,G,314822,2770472,1
17578,32090,G734,G,300564,2790347,1
17579,32091,G735,G,300321,2789919,1
17580,32092,G736,G,300694,2789361,1
17581,32093,G737,G,299449,2788621,1
17582,32094,G738,G,299977,2788680,1
17583,32095,G739,G,299748,2788131,1
17584,32096,G740,G,299270,2787642,1
17585,32097,G741,G,300256,2788044,1
17586,32098,G742,G,300976,2788699,1
17587,32099,G743,G,301758,2788633,1
17588,32100,G744,G,301516,2789277,1
17589,32101,G745,G,302552,2788738,1
17590,32102,G746,G,302562,2788116,1
17591,32103,G747,G,302016,2788114,1
17592,32104,G748,G,302337,2787664,1
17593,32105,G749,G,300635,2787474,1
17594,32106,G750,G,301311,2787430,1
17595,32107,G751,G,301274,2786414,1
17596,32108,G752,G,301905,2786185,1
17597,32109,G753,G,302495,2787085,1
17598,32110,G754,G,300523,2786748,1
17599,32111,G755,G,300056,2786581,1
17601,32145,G756,G,299725,2789380,1
17603,32147,F171,G,292528,2769507,1
17626,32258,G731,G,317082,2770634,1
17627,32259,G730,G,316031,2770751,5
17661,32610,1100,F,300884,2785159,
17662,32611,C402,F,299251,2781729,1
17663,32612,C407,F,298937,2781155,1
17664,32613,C491,F,299818,2783909,5
17665,32614,P132,F,299708,2782554,x
17666,32615,PJ07,F,299460,2783380,1
17683,32650,G833,G,292169,2768873,1
17687,32656,G832,G,291578,2768206,1
17688,32657,G830,G,291214,2768944,1
17689,32658,G831,G,291344,2768520,1
17692,32661,G825,G,291207,2769527,1
17693,32662,G829,G,290561,2769118,1
17694,32663,G820,G,289680,2770252,1
17695,32664,G819,G,289155,2770443,1
17697,32666,G834,G,290503,2768059,1
17699,32668,G826,G,290212,2769738,1
17703,32672,G795,G,289924,2773453,1
17708,32678,G790,G,292898,2772994,1
17709,32679,G784,G,290416,2773997,1
17711,32681,G786,G,290816,2773902,1
17712,32682,G811,G,288911,2772773,1
17713,32683,G789,G,292446,2773115,1
17715,32685,G791,G,293312,2773160,1
17716,32686,G783,G,293485,2773545,1
17717,32687,G818,G,291861,2771017,1
17720,32690,G816,G,291532,2770627,1
17721,32691,G815,G,291079,2770839,1
17722,32692,G817,G,291722,2770182,1
17724,32694,G821,G,289935,2770586,1
17725,32695,G822,G,290476,2770265,1
17732,32702,G805,G,291025,2771974,1
17746,32746,G799,G,291423,2772639,1
17747,32747,G806,G,291317,2772163,1
17748,32748,G807,G,291585,2772332,1
17751,32751,G797,G,290596,2773222,1
17754,32754,G809,G,292749,2772261,1
17756,32756,G800,G,288204,2773661,1
17759,32759,G810,G,292487,2771894,1
17761,32761,G827,G,290843,2769803,1
17764,32764,G823,G,291110,2770148,1
17794,32795,G788,G,291731,2773375,1
17795,32796,G803,G,289512,2773063,1
17796,32797,G802,G,289079,2773137,1
17797,32798,G793,G,288854,2773875,1
17799,32800,G794,G,289303,2773922,1
17800,32801,G787,G,291448,2773631,1
17802,32803,G814,G,290721,2771306,1
17805,32806,G779,G,291921,2774374,5
17808,32809,G781,G,291881,2773904,1
17809,32810,G780,G,291548,2774058,1
17811,32812,G796,G,289383,2773354,1
17816,32818,G813,G,290117,2771539,1
17817,32819,G808,G,292084,2772624,1
17819,32821,G782,G,292499,2773458,1
17821,32823,G812,G,289446,2771041,1
17826,32829,GM88,G,288925,2771083,1
17827,32830,GH30,G,289181,2772220,1
17828,32831,G798,G,291064,2772987,1
17829,32832,G828,G,289603,2769429,1
17832,32836,G824,G,291415,2769805,1
17833,32837,G792,G,287850,2773970,1
17834,32839,G804,G,290050,2772566,1
17835,32840,G835,G,316021,2774502,1
17836,32841,G836,G,315402,2775331,1
17837,32842,G837,G,315347,2775975,1
17838,32843,G838,G,315659,2776517,1
17839,32844,G839,G,314792,2776373,1
17840,32845,G840,G,314973,2775634,1
17841,32846,G841,G,314007,2775190,1
17842,32847,G842,G,314255,2775616,1
17843,32848,G843,G,313664,2775904,1
17844,32849,G844,G,312813,2774584,1
17845,32850,G845,G,313421,2775035,1
17846,32851,G846,G,313168,2776052,1
17847,32852,G847,G,313157,2776546,1
17848,32853,G848,G,312690,2776818,1
17849,32854,G849,G,313588,2777279,1
17850,32855,G850,G,312439,2778683,1
17851,32856,G851,G,312150,2779122,1
17852,32857,G852,G,311526,2779090,1
17853,32858,G853,G,311463,2779542,1
17854,32859,G854,G,311643,2778635,1
17855,32860,G855,G,312157,2779642,1
17856,32861,G856,G,310870,2779766,1
17857,32862,G857,G,310664,2779347,1
17858,32863,G858,G,310626,2778809,1
17859,32864,G859,G,310227,2778298,1
17860,32865,G860,G,310809,2778392,1
17861,32866,G861,G,310670,2777931,1
17862,32867,G862,G,311254,2778365,1
17863,32868,G863,G,311392,2777822,1
17864,32869,G864,G,314853,2775116,1
17865,32870,G865,G,315574,2774700,1
17866,32871,G866,G,316377,2775120,1
17867,32872,G867,G,310064,2778555,1
17868,32873,G872,G,297872,2781690,1
17869,32874,G873,G,297699,2782064,1
17870,32875,G874,G,297437,2780955,1
17871,32876,G875,G,297651,2781287,1
17872,32877,G876,G,297073,2781530,1
17873,32878,G877,G,296668,2782051,1
17874,32879,G878,G,297289,2782131,1
17875,32880,G879,G,297547,2782453,1
17876,32881,G880,G,297593,2783021,1
17877,32882,G881,G,297299,2783209,1
17878,32883,G902,G,297047,2783659,1
17879,32884,G882,G,298570,2780992,1
17880,32885,G883,G,298491,2781402,1
17881,32886,G884,G,299716,2781994,1
17882,32887,G885,G,299585,2782398,1
17883,32888,G886,G,299366,2782972,1
17884,32889,G887,G,298625,2781863,1
17885,32890,G888,G,298347,2782097,1
17886,32891,G889,G,298819,2782900,1
17887,32892,G890,G,298273,2783156,1
17888,32893,G891,G,298280,2782779,1
17889,32894,G892,G,298971,2783386,1
17890,32895,G893,G,299343,2783689,1
17891,32896,G894,G,298836,2783762,1
17892,32897,G895,G,298949,2784350,1
17893,32898,G896,G,299684,2784252,1
17894,32899,G897,G,299834,2783684,1
17895,32900,G898,G,300503,2783667,1
17896,32901,G899,G,300232,2782996,1
17897,32902,G900,G,298418,2783471,1
17899,32904,G901,G,297949,2783715,1
17900,32905,G909,G,298474,2784227,1
17901,32906,G907,G,297584,2784148,1
17902,32907,G908,G,297960,2784285,1
17903,32908,G906,G,297110,2784300,1
17904,32909,G910,G,296180,2784536,1
17905,32910,G912,G,297360,2785024,1
17906,32911,G913,G,297547,2784515,1
17907,32912,G914,G,298116,2784674,1
17908,32913,G915,G,299189,2785293,1
17909,32914,G917,G,298879,2785843,1
17910,32915,G919,G,298587,2785001,1
17911,32916,G921,G,297821,2785904,1
17912,32917,G923,G,297158,2785652,1
17913,32918,G924,G,296842,2785235,1
17914,32919,G925,G,296446,2785614,1
17915,32920,G926,G,296184,2785153,1
17916,32921,G928,G,295666,2784915,1
17918,32923,G927,G,295578,2785452,1
17919,32924,G929,G,295954,2785977,1
17920,32925,G868,G,315316,2778005,1
17921,32926,G869,G,314934,2777475,1
17922,32927,G870,G,312944,2775337,1
17923,32928,G916,G,297481,2786287,1
17924,32929,G930,G,296428,2786030,1
17926,32931,G905,G,296784,2782614,1
17930,32935,G931,G,297054,2786077,1
17934,32947,G918,G,298574,2785646,1
17935,32948,G920,G,298200,2785550,1
17936,32949,G922,G,297739,2785605,1
17937,32950,G871,G,312215,2777782,1
17981,33002,G911,G,296467,2784851,1
17982,33003,G903,G,296525,2783640,1
17983,33004,GH31,G,290476,2772127,1
17995,33017,G932,G,290546,2770574,1
18000,33120,G939,G,301439,2756853,1
18001,33121,G941,G,302250,2756641,1
18002,33122,G940,G,301885,2756498,1
18003,33123,G942,G,301348,2756092,1
18004,33124,G943,G,300753,2755860,1
18005,33125,G944,G,301455,2755720,1
18006,33126,G945,G,301507,2755203,1
18007,33127,G946,G,301821,2755954,1
18008,33128,G947,G,302093,2755806,1
18009,33129,G948,G,301921,2755334,1
18010,33130,G949,G,302319,2755393,1
18011,33131,G950,G,302729,2755250,1
18012,33132,G951,G,303394,2756953,1
18013,33133,G952,G,302711,2756561,1
18014,33134,G953,G,302940,2756370,1
18015,33135,G954,G,302224,2756251,1
18016,33136,G955,G,303139,2755903,1
18017,33137,G936,G,304066,2755997,1
18018,33139,G937,G,304245,2755725,1
18019,33141,G938,G,305012,2755135,1
18022,33213,G956,G,295912,2766564,1
18023,33214,G957,G,296221,2766667,1
18028,33357,G959,G,292890,2764775,1
18029,33358,G958,G,292555,2764627,1
18030,33369,G960,G,293091,2765112,1
18032,33484,G757,G,286341,2776597,1
18033,33485,G758,G,286587,2776314,1
18034,33486,G759,G,285538,2776221,1
18035,33487,G760,G,285867,2776109,1
18036,33488,G761,G,286043,2775832,1
18037,33489,G762,G,286280,2775031,1
18038,33490,G763,G,286567,2775036,1
18039,33491,G764,G,286716,2774208,1
18040,33492,G765,G,286926,2774480,1
18041,33493,G766,G,287246,2774792,1
18042,33494,G767,G,287713,2775019,1
18043,33495,G768,G,287983,2774842,1
18044,33496,G769,G,287714,2775447,1
18045,33497,G770,G,287922,2775795,1
18046,33498,G771,G,288130,2776084,1
18047,33499,G933,G,282084,2777741,1
18048,33500,G934,G,282887,2777460,1
18049,33501,G935,G,283037,2777188,1
18051,33506,G968,G,295475,2778373,1
18054,33513,G973,G,295099,2778171,1
18058,33516,G963,G,293412,2778849,1
18071,33524,G962,G,293054,2779356,1
18072,33525,G961,G,292761,2780088,1
18074,33527,G975,G,292337,2778750,1
18076,33529,G971,G,293380,2778078,1
18084,33535,G981,G,292509,2777937,1
18085,33536,G974,G,292903,2778618,1
18086,33537,G976,G,292649,2778968,1
18087,33538,G977,G,291972,2778703,1
18088,33539,GB35,G,293072,2774287,1
18089,33541,G994,G,291302,2776850,1
18093,33545,G984,G,293478,2777274,1
18095,33547,G979,G,291423,2778398,1
18096,33548,G985,G,293886,2776731,1
18098,33564,G980,G,292225,2777648,1
18099,33565,G983,G,292457,2777192,1
18100,33566,G995,G,291898,2777123,1
18102,33571,G986,G,293235,2776844,1
18103,33572,GB31,G,293541,2776405,1
18107,33576,GB32,G,294112,2776073,1
18109,33578,G992,G,292122,2776467,1
18113,33582,GA99,G,292812,2774708,1
18116,33586,GB43,G,315398,2772625,1
18117,33587,GB44,G,314633,2772049,1
18120,33590,GB47,G,314598,2771289,1
18122,33592,GB57,G,317612,2771367,1
18124,33594,G990,G,292944,2775906,1
18126,33596,GB38,G,294426,2774405,1
18132,33602,GB28,G,291159,2774541,1
18135,33605,GB34,G,292595,2774227,1
18136,33606,G996,G,291389,2777412,1
18137,33607,GB37,G,293997,2774049,1
18141,33613,GB48,G,315067,2771239,1
18144,33616,GB45,G,314110,2771824,1
18146,33618,GB54,G,316545,2771397,1
18149,33621,G972,G,294344,2777981,1
18150,33622,G966,G,294783,2779304,1
18151,33623,G970,G,294201,2778709,1
18154,33627,GB49,G,315406,2771150,1
18157,33630,G999,G,293119,2776521,1
18158,33651,GB29,G,295196,2777360,1
18159,33652,G965,G,293695,2779817,1
18160,33655,F322,F,295018,2792001,1
18161,33656,G998,G,291893,2775332,1
18163,33659,G967,G,295169,2778805,1
18164,33660,GA98,G,292567,2775468,1
18165,33663,GB46,G,314933,2771604,1
18167,33667,GB50,G,314834,2770792,1
18169,33669,GB51,G,315741,2771732,1
18170,33670,GB53,G,315763,2770985,1
18173,33673,GB58,G,317405,2771624,1
18175,33675,GB36,G,293742,2777665,1
18176,33676,G982,G,293123,2777566,1
18177,33677,G969,G,293737,2778521,1
18178,33678,G989,G,293282,2775363,1
18179,33679,G987,G,293696,2775751,1
18180,33680,G988,G,294102,2775192,1
18181,33681,G978,G,291153,2779316,1
18183,33683,G997,G,292348,2774976,1
18184,33684,G993,G,291685,2776425,1
18185,33685,G991,G,292674,2776563,1
18187,33687,GB33,G,291914,2774381,1
18188,33690,GA38,G,297342,2787880,1
18189,33691,GA39,G,295474,2787882,1
18190,33692,GA40,G,296227,2788045,1
18191,33693,GA41,G,298276,2788043,1
18192,33694,GA42,G,297925,2787303,1
18193,33695,GA43,G,299016,2788109,1
18194,33696,GA44,G,297897,2787660,1
18195,33697,GA45,G,297364,2787490,1
18196,33698,GA46,G,296921,2787776,1
18197,33699,GA47,G,297769,2788171,1
18198,33700,GA48,G,296539,2788207,1
18199,33701,GA49,G,296756,2788545,1
18200,33702,GA50,G,297690,2788598,1
18201,33703,GA51,G,298784,2788694,1
18202,33704,GA52,G,297354,2788593,1
18203,33705,GA53,G,298081,2788397,1
18204,33706,GA54,G,296293,2788598,1
18205,33707,GA55,G,297016,2788368,1
18206,33708,GA56,G,295990,2789500,1
18207,33709,GA57,G,298522,2789536,1
18208,33710,GA58,G,296916,2789939,1
18209,33711,GA59,G,295833,2790201,1
18210,33712,GA60,G,297919,2789588,1
18211,33713,GA61,G,296738,2789573,1
18212,33714,GA62,G,298293,2789080,1
18213,33715,GA63,G,297254,2789865,1
18214,33716,GA64,G,297746,2789176,1
18215,33717,GA65,G,299298,2789630,1
18216,33718,GA66,G,298145,2790668,1
18217,33719,GA67,G,296765,2791045,1
18218,33720,GA68,G,298848,2790682,1
18219,33721,GA69,G,299367,2790276,1
18220,33722,GA70,G,296255,2791193,1
18221,33723,GA71,G,298195,2791218,1
18222,33724,GA72,G,297394,2790972,1
18223,33725,GA73,G,296544,2792009,1
18224,33726,GA74,G,297182,2791884,1
18225,33727,GA75,G,297776,2792071,1
18226,33728,GA76,G,295751,2788221,1
18227,33729,GA77,G,296582,2789134,1
18228,33730,GB56,G,317121,2771550,1
18229,33741,GA78,G,294875,2789181,1
18230,33742,GA79,G,295512,2788906,1
18231,33743,GA80,G,294131,2789234,1
18232,33745,GA81,G,295427,2789595,1
18233,33746,GA82,G,295483,2791106,1
18234,33747,GA83,G,295081,2790897,1
18235,33748,GA84,G,295006,2789739,1
18236,33749,GA85,G,298623,2787783,1
18237,33750,GA86,G,295759,2790674,1
18238,33751,GA87,G,296444,2790433,1
18239,33752,GA88,G,297807,2790389,1
18240,33753,GA89,G,298571,2790107,1
18241,33754,GA90,G,296997,2790501,1
18242,33755,GA91,G,296153,2787615,1
18243,33756,GA92,G,294462,2790999,1
18244,33757,GA93,G,296095,2792081,1
18245,33758,GA94,G,295587,2791835,1
18246,33759,GA95,G,296203,2791595,1
18247,33760,GA96,G,297407,2791498,1
18248,33761,GA97,G,296888,2791675,1
18249,33763,GB39,G,295976,2775805,1
18250,33764,GB40,G,295911,2775240,1
18252,33766,GB41,G,295361,2774754,1
18253,33767,GB42,G,295206,2775332,1
18254,33768,GB30,G,295588,2776806,1
18255,33769,GB59,G,317151,2772315,1
18260,33776,GB64,G,315404,2772038,1
18261,33777,GB60,G,316035,2770747,1
18262,33784,GB65,G,295681,2792250,1
18268,33796,GB66,G,314417,2770204,1
18269,33797,GB67,G,313266,2771280,1
236794,252428,GB52,G,315968,2771392,1
236796,252435,GB68,G,317518,2772473,1
236807,252501,GB83,G,332580,2778785,1
236808,252502,GB84,G,332802,2779062,1
236809,252503,GB77,G,333132,2781013,1
236810,252504,GB94,G,299671,2775873,1
236811,252505,GB89,G,333937,2780061,1
236812,252506,GB90,G,333568,2780114,1
236813,252507,GB81,G,332655,2779636,1
236814,252508,GB76,G,332038,2780787,1
236815,252509,GB74,G,331243,2780917,1
236817,252511,GB75,G,331659,2780706,1
236819,252576,GB78,G,332688,2780593,1
236820,252577,GB80,G,331920,2780153,1
236822,252579,GB86,G,334070,2778791,1
236823,252580,GB91,G,333519,2779544,1
236824,252581,GB92,G,333135,2779324,1
236825,252582,GB79,G,332319,2780215,1
236826,252587,GB82,G,332430,2779119,1
236827,252588,GB88,G,333946,2779659,1
236829,252590,GB85,G,333573,2778520,1
236830,252591,GB87,G,333731,2779149,1
236844,252813,GC62,G,297412,2760427,1
236846,252815,GC73,G,297903,2760085,1
236864,252838,GC67,G,297855,2757678,1
236867,252841,GC64,G,296425,2760061,1
236868,252842,GC63,G,297068,2760416,1
236878,252852,GC66,G,296923,2758249,1
236880,252854,GC65,G,296526,2758874,1
236886,252862,GC68,G,298434,2757682,1
236887,252863,GC70,G,299108,2758629,1
236888,252864,GC69,G,299698,2758540,1
236890,252866,GC71,G,298370,2758764,1
236892,252873,GC61,G,298094,2760984,1
236894,252876,GC72,G,297824,2758763,1
236897,253622,GD57,G,341964,2768020,1
236898,253623,GD60,G,342285,2768472,1
236901,253673,GD81,G,343780,2769429,1
236902,253674,GD41,G,339510,2768426,1
236905,253677,GD38,G,340750,2768333,1
236909,253681,GD53,G,341618,2767129,1
236911,253683,GD71,G,346478,2767659,1
236912,253684,GD70,G,346146,2767453,1
236916,254071,GD65,G,344221,2767249,1
236917,254072,GD64,G,343969,2767765,1
236920,254075,GD80,G,343943,2769100,1
236921,254076,GD78,G,344291,2768511,1
236922,254077,GD77,G,344874,2768741,1
236925,254080,GD73,G,346241,2768460,1
236926,254081,GD74,G,345854,2768497,1
236928,254083,GD62,G,343259,2768743,1
236930,254085,GD79,G,344406,2769324,1
236936,254091,GD49,G,342163,2765585,1
236937,254092,GD50,G,341804,2766159,1
236938,254093,GD72,G,347226,2767801,1
236939,254094,GD69,G,345849,2766810,1
236941,254096,GD63,G,343518,2768080,1
236942,254097,GD75,G,345592,2768047,1
236946,254102,GD59,G,342670,2767853,1
236947,254103,GD34,G,341060,2769693,1
236949,254105,GD33,G,341778,2769938,1
236950,254106,GD61,G,342230,2769321,1
236965,254121,GD48,G,341263,2765238,1
236983,254139,GD39,G,340903,2767825,1
236985,254141,GD46,G,340340,2766477,1
236987,254143,GD51,G,341213,2766328,1
236989,254145,GD54,G,341103,2766830,1
236992,254148,GD44,G,339880,2766918,1
236995,254151,GD43,G,339537,2766852,1
236996,254152,GD56,G,341443,2767807,1
236997,254153,GD55,G,340954,2767237,1
236998,254154,GD40,G,340540,2767715,1
237001,254164,GD36,G,341089,2768931,1
237002,254165,GD35,G,340700,2769330,1
237003,254166,GD58,G,342546,2767369,1
237005,254168,GD37,G,340683,2768705,1
237024,254189,GD76,G,344750,2767713,1
237026,254191,GD68,G,345093,2766847,1
237029,254194,GD42,G,340318,2767388,1
237031,254196,GD45,G,340181,2766744,1
237032,254197,GD47,G,341086,2765638,1
237055,254969,GD67,G,343848,2766134,1
237056,254970,GD66,G,343773,2766459,1
237057,254971,GE98,G,343139,2767199,1
237058,254972,GE97,G,343452,2767491,1
237087,255083,GF48,G,343533,2769126,1
237088,255115,GE99,G,291085,2782568,1
